Datetime	Open	High	Low	Close	tick_volume
1542386700	112.703	112.785	112.694	112.718	1776
1542387600	112.716	112.777	112.68	112.776	1675
1542388500	112.776	112.855	112.758	112.801	1593
1542389400	112.803	112.885	112.782	112.879	1132
1542390300	112.879	112.884	112.812	112.828	1195
1542391200	112.827	112.865	112.789	112.847	1073
1542392100	112.847	112.853	112.806	112.822	834
1542393000	112.822	112.838	112.756	112.783	1038
1542393900	112.783	112.818	112.729	112.764	907
1542394800	112.764	112.784	112.699	112.728	1248
1542395700	112.726	112.753	112.641	112.643	875
1542396600	112.643	112.902	112.638	112.844	1696
1542397500	112.846	112.942	112.839	112.844	1210
1542398400	112.844	112.871	112.691	112.775	1373
1542399300	112.775	112.806	112.746	112.75	1273
1542400200	112.749	112.776	112.707	112.738	1052
1542401100	112.737	112.815	112.723	112.808	681
1542402000	112.807	112.875	112.775	112.775	975
1542402900	112.777	112.852	112.768	112.837	888
1542403800	112.837	112.896	112.837	112.884	675
1542404700	112.884	112.89	112.82	112.82	648
1542405600	112.817	112.829	112.808	112.821	520
1542406500	112.821	112.848	112.818	112.834	459
1542407400	112.834	112.836	112.763	112.768	355
1542408300	112.768	112.804	112.764	112.797	565
1542409200	112.797	112.861	112.797	112.848	271
1542410100	112.848	112.863	112.828	112.856	177
1542411000	112.859	112.885	112.856	112.858	282
1542411900	112.857	112.872	112.799	112.809	496
1542585600	112.762	112.842	112.746	112.832	319
1542586500	112.831	112.844	112.786	112.837	1043
1542587400	112.838	112.839	112.798	112.815	522
1542588300	112.815	112.82	112.801	112.801	2007
1542589200	112.805	112.805	112.724	112.724	1841
1542590100	112.724	112.727	112.648	112.653	1731
1542591000	112.654	112.676	112.603	112.675	1370
1542591900	112.675	112.733	112.674	112.721	779
1542592800	112.721	112.803	112.713	112.799	1009
1542593700	112.799	112.809	112.768	112.78	663
1542594600	112.781	112.795	112.756	112.795	435
1542595500	112.795	112.804	112.705	112.717	1035
1542596400	112.717	112.719	112.669	112.718	578
1542597300	112.719	112.742	112.694	112.709	985
1542598200	112.709	112.765	112.672	112.696	813
1542599100	112.696	112.716	112.653	112.691	1107
1542600000	112.69	112.692	112.635	112.635	544
1542600900	112.635	112.662	112.626	112.662	367
1542601800	112.661	112.667	112.646	112.65	526
1542602700	112.65	112.681	112.647	112.68	257
1542603600	112.68	112.681	112.656	112.665	921
1542604500	112.664	112.672	112.631	112.648	305
1542605400	112.648	112.719	112.647	112.703	375
1542606300	112.704	112.729	112.703	112.721	423
1542607200	112.722	112.728	112.702	112.728	275
1542608100	112.728	112.761	112.721	112.743	208
1542609000	112.743	112.743	112.725	112.734	168
1542609900	112.734	112.741	112.727	112.727	206
1542610800	112.728	112.767	112.725	112.751	440
1542611700	112.751	112.798	112.747	112.786	366
1542612600	112.785	112.791	112.758	112.783	509
1542613500	112.785	112.82	112.781	112.81	388
1542614400	112.81	112.826	112.783	112.79	349
1542615300	112.79	112.798	112.762	112.774	175
1542616200	112.774	112.777	112.744	112.746	206
1542617100	112.746	112.761	112.744	112.752	248
1542618000	112.752	112.77	112.669	112.675	814
1542618900	112.675	112.719	112.675	112.716	470
1542619800	112.716	112.804	112.714	112.762	674
1542620700	112.762	112.782	112.722	112.729	546
1542621600	112.729	112.852	112.728	112.814	890
1542622500	112.813	112.846	112.796	112.807	1188
1542623400	112.807	112.82	112.775	112.819	515
1542624300	112.817	112.827	112.787	112.809	568
1542625200	112.81	112.847	112.808	112.817	575
1542626100	112.817	112.82	112.788	112.801	395
1542627000	112.8	112.8	112.721	112.732	565
1542627900	112.732	112.733	112.638	112.655	689
1542628800	112.656	112.701	112.639	112.696	793
1542629700	112.697	112.7	112.675	112.689	448
1542630600	112.689	112.701	112.675	112.692	378
1542631500	112.692	112.733	112.69	112.733	388
1542632400	112.734	112.786	112.726	112.752	448
1542633300	112.752	112.769	112.745	112.748	308
1542634200	112.748	112.766	112.739	112.758	482
1542635100	112.76	112.805	112.749	112.788	644
1542636000	112.788	112.815	112.784	112.804	893
1542636900	112.804	112.825	112.795	112.802	470
1542637800	112.802	112.839	112.801	112.825	617
1542638700	112.825	112.834	112.778	112.785	487
1542639600	112.783	112.803	112.78	112.788	607
1542640500	112.788	112.802	112.753	112.772	607
1542641400	112.774	112.817	112.769	112.803	688
1542642300	112.803	112.821	112.789	112.821	526
1542643200	112.82	112.855	112.774	112.846	667
1542644100	112.846	112.87	112.824	112.852	643
1542645000	112.853	112.864	112.812	112.838	1610
1542645900	112.838	112.842	112.705	112.724	990
1542646800	112.723	112.723	112.523	112.53	1578
1542647700	112.53	112.564	112.464	112.499	1444
1542648600	112.498	112.527	112.445	112.486	1425
1542649500	112.487	112.58	112.486	112.571	1409
1542650400	112.57	112.586	112.51	112.517	1297
1542651300	112.517	112.538	112.44	112.472	1222
1542652200	112.472	112.518	112.46	112.513	1102
1542653100	112.513	112.549	112.48	112.535	1290
1542654000	112.534	112.561	112.497	112.523	1224
1542654900	112.522	112.55	112.489	112.523	1144
1542655800	112.523	112.523	112.429	112.467	947
1542656700	112.466	112.504	112.43	112.439	963
1542657600	112.439	112.487	112.437	112.475	940
1542658500	112.474	112.499	112.441	112.449	812
1542659400	112.449	112.503	112.415	112.497	1092
1542660300	112.497	112.504	112.453	112.46	782
1542661200	112.46	112.482	112.438	112.474	945
1542662100	112.475	112.514	112.463	112.506	943
1542663000	112.506	112.545	112.488	112.525	656
1542663900	112.523	112.581	112.512	112.53	910
1542664800	112.53	112.543	112.512	112.534	535
1542665700	112.534	112.565	112.519	112.524	465
1542666600	112.524	112.532	112.491	112.5	592
1542667500	112.5	112.542	112.488	112.54	633
1542668400	112.542	112.551	112.518	112.531	173
1542669300	112.531	112.569	112.518	112.567	131
1542670200	112.567	112.567	112.526	112.538	188
1542671100	112.538	112.557	112.529	112.544	224
1542672000	112.546	112.546	112.509	112.525	817
1542672900	112.525	112.529	112.487	112.491	918
1542673800	112.493	112.524	112.484	112.497	497
1542674700	112.496	112.502	112.481	112.482	1083
1542675600	112.483	112.506	112.457	112.46	924
1542676500	112.46	112.467	112.394	112.396	509
1542677400	112.396	112.442	112.396	112.435	258
1542678300	112.435	112.467	112.426	112.45	348
1542679200	112.45	112.513	112.427	112.487	971
1542680100	112.487	112.547	112.485	112.542	559
1542681000	112.542	112.57	112.524	112.541	513
1542681900	112.541	112.608	112.523	112.591	822
1542682800	112.591	112.592	112.545	112.568	688
1542683700	112.568	112.623	112.564	112.618	678
1542684600	112.62	112.653	112.606	112.623	656
1542685500	112.622	112.659	112.615	112.616	465
1542686400	112.616	112.626	112.591	112.592	375
1542687300	112.592	112.602	112.565	112.6	629
1542688200	112.599	112.62	112.588	112.603	386
1542689100	112.603	112.618	112.583	112.588	255
1542690000	112.588	112.606	112.576	112.598	290
1542690900	112.598	112.598	112.491	112.502	461
1542691800	112.502	112.563	112.483	112.556	764
1542692700	112.556	112.569	112.529	112.552	487
1542693600	112.552	112.625	112.548	112.605	554
1542694500	112.605	112.606	112.557	112.565	566
1542695400	112.566	112.566	112.522	112.534	330
1542696300	112.535	112.535	112.49	112.5	497
1542697200	112.5	112.525	112.496	112.523	384
1542698100	112.523	112.551	112.512	112.535	357
1542699000	112.535	112.55	112.522	112.55	323
1542699900	112.55	112.561	112.528	112.528	343
1542700800	112.528	112.529	112.493	112.511	353
1542701700	112.512	112.514	112.471	112.497	516
1542702600	112.497	112.521	112.484	112.498	357
1542703500	112.499	112.551	112.471	112.544	538
1542704400	112.544	112.551	112.486	112.505	675
1542705300	112.505	112.527	112.469	112.494	417
1542706200	112.493	112.517	112.463	112.507	567
1542707100	112.507	112.531	112.497	112.51	519
1542708000	112.51	112.518	112.418	112.448	1019
1542708900	112.448	112.456	112.414	112.437	645
1542709800	112.437	112.467	112.377	112.382	890
1542710700	112.382	112.384	112.312	112.328	1270
1542711600	112.328	112.354	112.314	112.345	765
1542712500	112.345	112.379	112.331	112.363	725
1542713400	112.362	112.404	112.355	112.392	588
1542714300	112.392	112.439	112.377	112.432	742
1542715200	112.432	112.443	112.399	112.412	734
1542716100	112.412	112.472	112.398	112.464	798
1542717000	112.464	112.469	112.437	112.439	525
1542717900	112.439	112.464	112.429	112.449	396
1542718800	112.449	112.473	112.436	112.472	601
1542719700	112.472	112.483	112.448	112.448	312
1542720600	112.448	112.479	112.43	112.478	461
1542721500	112.477	112.509	112.469	112.487	489
1542722400	112.488	112.488	112.382	112.426	837
1542723300	112.427	112.44	112.406	112.411	601
1542724200	112.411	112.411	112.346	112.349	505
1542725100	112.35	112.36	112.327	112.338	773
1542726000	112.339	112.353	112.3	112.341	821
1542726900	112.341	112.368	112.327	112.342	933
1542727800	112.342	112.415	112.321	112.332	1624
1542728700	112.332	112.381	112.312	112.352	1455
1542729600	112.353	112.447	112.349	112.418	1222
1542730500	112.417	112.506	112.415	112.453	1283
1542731400	112.45	112.506	112.417	112.476	2783
1542732300	112.476	112.494	112.355	112.393	2244
1542733200	112.392	112.452	112.358	112.362	2340
1542734100	112.362	112.571	112.357	112.533	2357
1542735000	112.533	112.647	112.516	112.647	1891
1542735900	112.647	112.649	112.567	112.624	1865
1542736800	112.624	112.638	112.575	112.598	1922
1542737700	112.599	112.61	112.551	112.577	1338
1542738600	112.576	112.732	112.576	112.704	1368
1542739500	112.705	112.714	112.616	112.653	1139
1542740400	112.654	112.691	112.629	112.658	1235
1542741300	112.658	112.717	112.636	112.71	1155
1542742200	112.71	112.723	112.667	112.68	1132
1542743100	112.68	112.699	112.628	112.693	852
1542744000	112.693	112.839	112.685	112.802	1217
1542744900	112.801	112.813	112.746	112.773	1008
1542745800	112.773	112.803	112.741	112.799	885
1542746700	112.799	112.805	112.706	112.71	779
1542747600	112.71	112.786	112.699	112.778	823
1542748500	112.777	112.809	112.736	112.75	735
1542749400	112.749	112.79	112.734	112.746	639
1542750300	112.746	112.749	112.705	112.718	757
1542751200	112.718	112.756	112.669	112.684	1314
1542752100	112.684	112.73	112.677	112.697	1429
1542753000	112.697	112.719	112.674	112.691	779
1542753900	112.691	112.697	112.618	112.676	777
1542754800	112.675	112.699	112.669	112.696	253
1542755700	112.695	112.757	112.695	112.753	158
1542756600	112.753	112.759	112.739	112.74	95
1542757500	112.74	112.759	112.728	112.752	199
1542758400	112.752	112.752	112.678	112.717	977
1542759300	112.718	112.756	112.691	112.711	1170
1542760200	112.71	112.741	112.683	112.701	776
1542761100	112.702	112.73	112.702	112.724	212
1542762000	112.725	112.731	112.692	112.701	749
1542762900	112.701	112.708	112.694	112.7	89
1542763800	112.7	112.701	112.652	112.663	227
1542764700	112.663	112.708	112.64	112.704	567
1542765600	112.704	112.775	112.694	112.746	909
1542766500	112.749	112.769	112.734	112.758	714
1542767400	112.758	112.838	112.758	112.809	613
1542768300	112.809	112.855	112.789	112.812	912
1542769200	112.811	112.828	112.743	112.756	851
1542770100	112.756	112.847	112.745	112.845	786
1542771000	112.845	112.902	112.845	112.89	977
1542771900	112.89	112.922	112.872	112.873	716
1542772800	112.873	112.921	112.872	112.898	609
1542773700	112.898	112.909	112.876	112.886	425
1542774600	112.886	112.887	112.845	112.857	410
1542775500	112.858	112.895	112.857	112.891	339
1542776400	112.891	112.933	112.89	112.905	513
1542777300	112.905	112.923	112.896	112.91	446
1542778200	112.91	112.929	112.866	112.866	486
1542779100	112.866	112.888	112.844	112.88	492
1542780000	112.88	112.895	112.865	112.89	359
1542780900	112.89	112.911	112.882	112.903	249
1542781800	112.904	112.904	112.88	112.896	353
1542782700	112.897	112.91	112.873	112.894	346
1542783600	112.894	112.908	112.875	112.888	366
1542784500	112.888	112.895	112.854	112.87	334
1542785400	112.87	112.884	112.853	112.865	312
1542786300	112.865	112.909	112.819	112.82	500
1542787200	112.82	112.838	112.813	112.816	379
1542788100	112.816	112.831	112.8	112.822	218
1542789000	112.822	112.825	112.795	112.808	245
1542789900	112.808	112.838	112.793	112.833	446
1542790800	112.834	112.861	112.833	112.845	423
1542791700	112.845	112.878	112.82	112.846	529
1542792600	112.846	112.902	112.834	112.896	697
1542793500	112.896	112.923	112.863	112.866	705
1542794400	112.865	112.873	112.824	112.867	1058
1542795300	112.867	112.869	112.826	112.862	701
1542796200	112.863	112.865	112.817	112.832	820
1542797100	112.832	112.879	112.826	112.859	658
1542798000	112.859	112.916	112.853	112.916	532
1542798900	112.916	112.944	112.911	112.923	483
1542799800	112.922	112.942	112.909	112.922	631
1542800700	112.922	112.959	112.922	112.946	473
1542801600	112.946	113.013	112.93	113.011	1492
1542802500	113.011	113.047	112.999	113.042	814
1542803400	113.042	113.126	113.042	113.121	817
1542804300	113.12	113.143	113.095	113.119	970
1542805200	113.12	113.144	113.071	113.079	589
1542806100	113.08	113.098	112.999	113.011	1200
1542807000	113.011	113.049	112.979	112.996	863
1542807900	112.997	113.023	112.972	113.001	742
1542808800	113.001	113.04	112.997	113.037	712
1542809700	113.037	113.041	112.999	113.041	472
1542810600	113.041	113.079	113.007	113.052	725
1542811500	113.052	113.1	113.027	113.047	759
1542812400	113.047	113.084	113.042	113.073	724
1542813300	113.072	113.088	112.977	112.979	836
1542814200	112.979	112.979	112.875	112.908	1388
1542815100	112.909	112.939	112.86	112.867	1048
1542816000	112.867	112.925	112.861	112.885	784
1542816900	112.885	113.007	112.873	112.976	884
1542817800	112.978	113.002	112.937	112.966	1750
1542818700	112.966	113.046	112.947	113.041	1428
1542819600	113.041	113.083	112.994	112.995	1648
1542820500	112.995	113.01	112.924	112.945	1255
1542821400	112.945	113.004	112.936	112.977	1291
1542822300	112.979	113.039	112.956	112.975	1311
1542823200	112.975	113.032	112.95	113.027	1099
1542824100	113.027	113.044	113.006	113.012	671
1542825000	113.012	113.022	112.965	113.015	680
1542825900	113.015	113.058	112.993	113.057	529
1542826800	113.057	113.095	113.04	113.052	658
1542827700	113.051	113.078	113.026	113.055	661
1542828600	113.055	113.058	112.992	113.006	431
1542829500	113.006	113.034	113.004	113.004	391
1542830400	113.004	113.063	113	113.062	341
1542831300	113.063	113.063	113.026	113.044	323
1542832200	113.044	113.098	113.038	113.089	591
1542833100	113.089	113.096	113.037	113.037	300
1542834000	113.037	113.048	113.001	113.005	252
1542834900	113.005	113.054	113	113.052	262
1542835800	113.052	113.074	113.045	113.064	335
1542836700	113.064	113.088	113.051	113.072	481
1542837600	113.072	113.085	113.059	113.059	383
1542838500	113.059	113.098	113.051	113.091	246
1542839400	113.09	113.097	113.048	113.05	250
1542840300	113.05	113.091	113.05	113.067	323
1542841200	113.066	113.098	113.048	113.094	224
1542842100	113.097	113.11	113.083	113.09	106
1542843000	113.091	113.116	113.062	113.063	142
1542843900	113.064	113.071	113.033	113.049	249
1542844800	113.042	113.071	112.956	113.021	301
1542845700	113.024	113.064	113.016	113.031	1533
1542846600	113.031	113.197	113.019	113.054	371
1542847500	113.054	113.108	113.051	113.103	595
1542848400	113.103	113.109	113.064	113.088	590
1542849300	113.089	113.09	113.053	113.057	227
1542850200	113.057	113.059	113.042	113.045	157
1542851100	113.046	113.068	113.008	113.027	450
1542852000	113.027	113.04	113.005	113.033	549
1542852900	113.033	113.07	113.023	113.062	397
1542853800	113.062	113.127	113.06	113.107	585
1542854700	113.106	113.118	113.044	113.096	613
1542855600	113.097	113.128	113.048	113.06	499
1542856500	113.06	113.08	113.006	113.023	511
1542857400	113.023	113.023	112.991	113.011	551
1542858300	113.01	113.038	112.986	113.01	544
1542859200	113.009	113.015	112.976	112.987	505
1542860100	112.987	112.989	112.954	112.984	402
1542861000	112.984	113.015	112.964	112.997	398
1542861900	112.997	113.014	112.972	112.989	302
1542862800	112.989	112.997	112.963	112.976	270
1542863700	112.976	112.993	112.968	112.984	171
1542864600	112.984	113.004	112.979	112.997	321
1542865500	112.997	113.007	112.986	112.996	208
1542866400	112.996	113.01	112.974	113.007	302
1542867300	113.007	113.018	112.967	112.988	388
1542868200	112.988	113.034	112.98	113.032	226
1542869100	113.032	113.033	112.985	113.005	380
1542870000	113.005	113.021	112.982	112.998	308
1542870900	112.998	113.008	112.971	112.989	397
1542871800	112.989	113.016	112.974	113.016	277
1542872700	113.016	113.028	113.007	113.014	357
1542873600	113.015	113.039	112.998	113.031	349
1542874500	113.031	113.044	113.019	113.038	395
1542875400	113.038	113.039	113.012	113.018	153
1542876300	113.018	113.053	113.018	113.033	233
1542877200	113.033	113.063	113.007	113.046	464
1542878100	113.047	113.07	113.033	113.038	231
1542879000	113.038	113.062	112.936	113.061	584
1542879900	113.061	113.073	113.011	113.011	303
1542880800	113.011	113.039	112.956	112.966	610
1542881700	112.966	112.979	112.949	112.958	493
1542882600	112.959	112.963	112.922	112.924	495
1542883500	112.924	112.924	112.891	112.901	533
1542884400	112.901	112.924	112.895	112.913	323
1542885300	112.912	112.914	112.882	112.903	442
1542886200	112.902	112.914	112.881	112.909	347
1542887100	112.909	112.938	112.904	112.933	190
1542888000	112.933	112.939	112.914	112.932	587
1542888900	112.932	112.954	112.885	112.894	899
1542889800	112.892	112.924	112.881	112.914	672
1542890700	112.914	112.962	112.908	112.949	412
1542891600	112.949	112.981	112.94	112.979	375
1542892500	112.98	112.988	112.944	112.945	574
1542893400	112.946	112.968	112.931	112.936	477
1542894300	112.936	112.945	112.922	112.936	319
1542895200	112.936	112.967	112.936	112.96	379
1542896100	112.959	112.959	112.943	112.95	201
1542897000	112.949	112.986	112.949	112.983	484
1542897900	112.983	112.988	112.942	112.95	486
1542898800	112.95	112.955	112.931	112.946	461
1542899700	112.946	112.96	112.937	112.95	537
1542900600	112.951	112.957	112.938	112.957	246
1542901500	112.957	112.964	112.942	112.961	298
1542902400	112.961	112.974	112.958	112.966	281
1542903300	112.966	112.966	112.93	112.934	395
1542904200	112.935	112.946	112.927	112.932	329
1542905100	112.932	112.937	112.917	112.936	273
1542906000	112.937	112.981	112.934	112.948	488
1542906900	112.948	112.963	112.936	112.956	385
1542907800	112.955	112.969	112.943	112.955	417
1542908700	112.956	112.986	112.954	112.971	603
1542909600	112.971	112.988	112.956	112.982	515
1542910500	112.982	112.997	112.97	112.991	344
1542911400	112.991	113	112.97	112.971	191
1542912300	112.971	112.971	112.947	112.957	121
1542913200	112.957	112.958	112.94	112.946	158
1542914100	112.946	112.955	112.933	112.942	226
1542915000	112.942	112.962	112.941	112.962	132
1542915900	112.961	112.982	112.961	112.962	156
1542916800	112.964	112.971	112.935	112.945	872
1542917700	112.949	112.955	112.944	112.945	170
1542918600	112.945	112.947	112.944	112.946	641
1542919500	112.946	112.949	112.944	112.946	516
1542920400	112.946	112.988	112.945	112.972	912
1542921300	112.972	112.973	112.937	112.952	447
1542922200	112.951	112.967	112.94	112.952	5979
1542923100	112.952	112.967	112.945	112.951	5336
1542924000	112.951	112.973	112.947	112.968	3539
1542924900	112.967	112.971	112.964	112.968	161
1542925800	112.968	112.97	112.931	112.934	1500
1542926700	112.934	112.953	112.932	112.951	126
1542927600	112.951	112.988	112.95	112.968	172
1542928500	112.968	112.968	112.92	112.951	898
1542929400	112.951	112.978	112.929	112.946	867
1542930300	112.946	112.973	112.919	112.929	333
1542931200	112.929	112.951	112.921	112.923	78
1542932100	112.922	112.962	112.919	112.935	116
1542933000	112.935	112.954	112.931	112.953	64
1542933900	112.953	112.954	112.935	112.94	95
1542934800	112.94	112.982	112.933	112.961	258
1542935700	112.96	112.986	112.952	112.966	167
1542936600	112.966	112.986	112.961	112.983	96
1542937500	112.984	112.99	112.975	112.982	150
1542938400	112.982	112.996	112.958	112.967	184
1542939300	112.967	112.98	112.954	112.962	193
1542940200	112.962	112.976	112.961	112.968	159
1542941100	112.968	112.994	112.965	112.986	235
1542942000	112.987	113.006	112.978	112.99	251
1542942900	112.99	112.996	112.978	112.985	192
1542943800	112.987	112.998	112.972	112.974	230
1542944700	112.974	112.982	112.965	112.972	258
1542945600	112.972	112.985	112.951	112.954	251
1542946500	112.954	112.965	112.941	112.943	182
1542947400	112.943	112.953	112.923	112.931	303
1542948300	112.93	112.948	112.918	112.947	302
1542949200	112.948	112.948	112.921	112.94	215
1542950100	112.941	112.944	112.925	112.93	218
1542951000	112.929	112.939	112.924	112.929	171
1542951900	112.93	112.937	112.921	112.922	136
1542952800	112.922	112.932	112.902	112.904	220
1542953700	112.904	112.913	112.897	112.905	132
1542954600	112.905	112.906	112.871	112.888	157
1542955500	112.888	112.901	112.879	112.899	332
1542956400	112.899	112.911	112.897	112.898	364
1542957300	112.898	112.899	112.865	112.873	235
1542958200	112.873	112.877	112.841	112.843	222
1542959100	112.843	112.847	112.82	112.844	245
1542960000	112.844	112.864	112.843	112.858	179
1542960900	112.858	112.868	112.854	112.86	143
1542961800	112.86	112.867	112.834	112.84	290
1542962700	112.84	112.866	112.834	112.86	326
1542963600	112.86	112.874	112.841	112.843	439
1542964500	112.843	112.86	112.827	112.859	416
1542965400	112.859	112.869	112.846	112.862	325
1542966300	112.862	112.882	112.844	112.85	403
1542967200	112.85	112.86	112.826	112.844	783
1542968100	112.845	112.871	112.831	112.848	603
1542969000	112.849	112.91	112.838	112.892	1517
1542969900	112.892	112.91	112.856	112.859	668
1542970800	112.859	112.88	112.842	112.851	464
1542971700	112.85	112.867	112.814	112.824	557
1542972600	112.824	112.828	112.798	112.805	399
1542973500	112.805	112.831	112.774	112.831	487
1542974400	112.831	112.831	112.804	112.812	377
1542975300	112.812	112.845	112.811	112.836	238
1542976200	112.836	112.857	112.826	112.84	575
1542977100	112.84	112.865	112.826	112.856	517
1542978000	112.856	112.871	112.839	112.858	627
1542978900	112.858	112.864	112.842	112.85	457
1542979800	112.85	112.866	112.803	112.829	527
1542980700	112.829	112.842	112.804	112.811	544
1542981600	112.811	112.823	112.786	112.798	686
1542982500	112.798	112.818	112.79	112.81	543
1542983400	112.81	112.825	112.805	112.82	421
1542984300	112.82	112.844	112.817	112.833	352
1542985200	112.834	112.835	112.812	112.818	536
1542986100	112.818	112.843	112.806	112.841	620
1542987000	112.841	112.843	112.792	112.796	881
1542987900	112.796	112.8	112.703	112.744	827
1542988800	112.744	112.761	112.706	112.715	594
1542989700	112.715	112.728	112.657	112.715	695
1542990600	112.715	112.773	112.695	112.763	1568
1542991500	112.763	112.826	112.747	112.799	1141
1542992400	112.799	112.818	112.771	112.802	799
1542993300	112.8	112.817	112.743	112.758	751
1542994200	112.757	112.777	112.743	112.765	724
1542995100	112.765	112.791	112.748	112.761	952
1542996000	112.761	112.842	112.759	112.825	1031
1542996900	112.825	112.872	112.819	112.844	628
1542997800	112.844	112.853	112.833	112.852	360
1542998700	112.852	112.871	112.825	112.826	753
1542999600	112.826	112.849	112.814	112.839	541
1543000500	112.84	112.86	112.826	112.829	434
1543001400	112.829	112.855	112.824	112.833	421
1543002300	112.833	112.842	112.789	112.827	377
1543003200	112.827	112.861	112.825	112.859	194
1543004100	112.859	112.869	112.817	112.834	536
1543005000	112.834	112.841	112.795	112.818	344
1543005900	112.818	112.857	112.818	112.841	659
1543006800	112.842	112.88	112.838	112.85	1065
1543007700	112.85	112.867	112.849	112.855	260
1543008600	112.855	112.871	112.854	112.861	528
1543009500	112.861	112.881	112.853	112.877	359
1543010400	112.877	112.902	112.852	112.872	2649
1543011300	112.872	112.9	112.867	112.886	1437
1543012200	112.886	112.91	112.866	112.889	1076
1543013100	112.889	112.916	112.865	112.914	1441
1543014000	112.915	112.937	112.904	112.911	825
1543014900	112.911	112.921	112.892	112.909	591
1543015800	112.909	112.936	112.903	112.915	651
1543016700	112.915	112.935	112.885	112.935	303
1543190400	112.909	112.924	112.896	112.917	817
1543191300	112.917	112.927	112.898	112.904	2272
1543192200	112.903	112.918	112.895	112.899	2596
1543193100	112.898	112.924	112.894	112.911	364
1543194000	112.911	112.923	112.885	112.914	829
1543194900	112.915	112.926	112.885	112.887	260
1543195800	112.887	112.901	112.873	112.883	584
1543196700	112.884	112.931	112.884	112.914	738
1543197600	112.915	112.975	112.904	112.939	1029
1543198500	112.939	112.945	112.901	112.913	482
1543199400	112.913	112.932	112.901	112.921	374
1543200300	112.921	112.992	112.914	112.977	848
1543201200	112.978	113.005	112.967	112.991	534
1543202100	112.991	113.088	112.984	113.08	875
1543203000	113.08	113.2	113.079	113.181	1058
1543203900	113.181	113.245	113.161	113.22	887
1543204800	113.219	113.246	113.213	113.229	523
1543205700	113.231	113.286	113.223	113.247	500
1543206600	113.247	113.26	113.218	113.227	393
1543207500	113.226	113.244	113.205	113.238	339
1543208400	113.239	113.251	113.195	113.23	450
1543209300	113.23	113.238	113.217	113.218	262
1543210200	113.22	113.238	113.211	113.228	263
1543211100	113.229	113.234	113.2	113.201	316
1543212000	113.201	113.203	113.162	113.185	552
1543212900	113.185	113.227	113.18	113.221	350
1543213800	113.22	113.24	113.21	113.213	426
1543214700	113.213	113.218	113.198	113.211	290
1543215600	113.211	113.239	113.201	113.238	373
1543216500	113.238	113.268	113.231	113.247	376
1543217400	113.247	113.251	113.201	113.223	364
1543218300	113.224	113.225	113.197	113.199	326
1543219200	113.2	113.229	113.195	113.217	348
1543220100	113.217	113.234	113.192	113.219	318
1543221000	113.219	113.219	113.171	113.18	284
1543221900	113.18	113.204	113.173	113.182	377
1543222800	113.182	113.222	113.168	113.206	616
1543223700	113.206	113.234	113.172	113.173	586
1543224600	113.175	113.259	113.17	113.256	722
1543225500	113.256	113.259	113.223	113.231	419
1543226400	113.23	113.342	113.226	113.338	1108
1543227300	113.338	113.35	113.307	113.308	861
1543228200	113.308	113.313	113.256	113.268	636
1543229100	113.268	113.291	113.268	113.289	445
1543230000	113.289	113.291	113.237	113.244	666
1543230900	113.244	113.266	113.232	113.242	511
1543231800	113.243	113.244	113.195	113.201	705
1543232700	113.201	113.226	113.199	113.218	300
1543233600	113.218	113.225	113.2	113.213	275
1543234500	113.213	113.219	113.196	113.208	366
1543235400	113.208	113.223	113.2	113.222	330
1543236300	113.222	113.249	113.218	113.221	543
1543237200	113.221	113.221	113.193	113.202	346
1543238100	113.202	113.209	113.168	113.168	362
1543239000	113.168	113.185	113.161	113.173	400
1543239900	113.173	113.2	113.172	113.189	431
1543240800	113.19	113.22	113.187	113.219	496
1543241700	113.219	113.24	113.192	113.234	531
1543242600	113.234	113.249	113.217	113.217	479
1543243500	113.217	113.247	113.206	113.232	335
1543244400	113.232	113.27	113.213	113.25	590
1543245300	113.25	113.256	113.217	113.225	616
1543246200	113.224	113.246	113.223	113.237	530
1543247100	113.237	113.298	113.232	113.292	575
1543248000	113.292	113.345	113.278	113.338	693
1543248900	113.338	113.418	113.32	113.388	812
1543249800	113.388	113.434	113.381	113.414	1464
1543250700	113.414	113.47	113.395	113.447	1158
1543251600	113.447	113.447	113.395	113.437	1012
1543252500	113.437	113.472	113.432	113.464	887
1543253400	113.464	113.489	113.446	113.482	777
1543254300	113.482	113.596	113.472	113.586	1073
1543255200	113.586	113.602	113.546	113.592	1044
1543256100	113.591	113.591	113.56	113.579	849
1543257000	113.579	113.579	113.53	113.554	721
1543257900	113.556	113.583	113.544	113.582	499
1543258800	113.582	113.588	113.538	113.539	391
1543259700	113.539	113.544	113.501	113.513	503
1543260600	113.513	113.519	113.477	113.494	586
1543261500	113.494	113.518	113.483	113.512	305
1543262400	113.508	113.574	113.492	113.573	399
1543263300	113.573	113.598	113.549	113.558	599
1543264200	113.558	113.571	113.536	113.552	461
1543265100	113.552	113.567	113.539	113.549	264
1543266000	113.549	113.562	113.527	113.533	316
1543266900	113.533	113.598	113.533	113.592	430
1543267800	113.593	113.611	113.58	113.597	481
1543268700	113.597	113.647	113.577	113.637	486
1543269600	113.637	113.641	113.6	113.63	534
1543270500	113.63	113.632	113.59	113.592	390
1543271400	113.592	113.615	113.585	113.586	374
1543272300	113.586	113.613	113.577	113.611	195
1543273200	113.611	113.623	113.55	113.565	304
1543274100	113.565	113.592	113.56	113.562	183
1543275000	113.561	113.57	113.538	113.56	233
1543275900	113.56	113.6	113.558	113.573	244
1543276800	113.578	113.591	113.556	113.568	188
1543277700	113.568	113.577	113.549	113.559	1663
1543278600	113.559	113.588	113.551	113.565	292
1543279500	113.566	113.574	113.557	113.56	102
1543280400	113.559	113.569	113.527	113.527	268
1543281300	113.527	113.548	113.524	113.528	447
1543282200	113.527	113.535	113.493	113.533	400
1543283100	113.534	113.535	113.493	113.501	379
1543284000	113.501	113.521	113.466	113.506	887
1543284900	113.506	113.519	113.48	113.516	436
1543285800	113.516	113.517	113.475	113.477	543
1543286700	113.477	113.497	113.441	113.476	560
1543287600	113.478	113.479	113.435	113.45	487
1543288500	113.45	113.482	113.444	113.462	492
1543289400	113.462	113.469	113.419	113.427	584
1543290300	113.428	113.443	113.419	113.434	438
1543291200	113.434	113.463	113.419	113.463	261
1543292100	113.463	113.469	113.41	113.425	371
1543293000	113.424	113.462	113.422	113.456	354
1543293900	113.456	113.471	113.448	113.451	196
1543294800	113.45	113.461	113.436	113.454	140
1543295700	113.454	113.482	113.447	113.464	298
1543296600	113.462	113.488	113.455	113.482	322
1543297500	113.482	113.53	113.476	113.53	383
1543298400	113.53	113.541	113.511	113.533	274
1543299300	113.533	113.534	113.493	113.494	297
1543300200	113.494	113.518	113.479	113.492	258
1543301100	113.492	113.495	113.468	113.494	220
1543302000	113.494	113.509	113.48	113.496	251
1543302900	113.496	113.515	113.486	113.487	324
1543303800	113.488	113.493	113.451	113.479	375
1543304700	113.479	113.482	113.442	113.469	313
1543305600	113.469	113.485	113.457	113.474	439
1543306500	113.473	113.485	113.443	113.468	331
1543307400	113.468	113.501	113.468	113.499	253
1543308300	113.498	113.535	113.498	113.525	359
1543309200	113.525	113.541	113.459	113.481	507
1543310100	113.481	113.518	113.459	113.515	519
1543311000	113.516	113.662	113.47	113.542	2981
1543311900	113.541	113.591	113.517	113.58	1030
1543312800	113.582	113.597	113.554	113.564	1204
1543313700	113.565	113.58	113.531	113.565	1138
1543314600	113.564	113.59	113.554	113.578	663
1543315500	113.578	113.598	113.567	113.594	515
1543316400	113.595	113.623	113.589	113.614	668
1543317300	113.617	113.652	113.608	113.628	718
1543318200	113.627	113.649	113.597	113.602	627
1543319100	113.602	113.627	113.595	113.624	515
1543320000	113.624	113.631	113.57	113.574	533
1543320900	113.574	113.603	113.567	113.586	801
1543321800	113.586	113.592	113.56	113.577	643
1543322700	113.577	113.599	113.575	113.586	409
1543323600	113.586	113.586	113.565	113.566	316
1543324500	113.567	113.587	113.564	113.576	457
1543325400	113.576	113.592	113.553	113.578	461
1543326300	113.579	113.618	113.569	113.616	609
1543327200	113.616	113.618	113.583	113.606	483
1543328100	113.606	113.637	113.599	113.622	509
1543329000	113.622	113.625	113.596	113.605	387
1543329900	113.605	113.605	113.566	113.586	383
1543330800	113.586	113.606	113.571	113.577	427
1543331700	113.576	113.578	113.52	113.572	834
1543332600	113.572	113.613	113.554	113.598	912
1543333500	113.597	113.647	113.59	113.629	653
1543334400	113.63	113.638	113.594	113.622	641
1543335300	113.622	113.638	113.607	113.624	491
1543336200	113.624	113.643	113.485	113.579	1968
1543337100	113.579	113.723	113.573	113.7	1339
1543338000	113.699	113.788	113.667	113.776	1444
1543338900	113.776	113.816	113.656	113.673	1399
1543339800	113.671	113.732	113.663	113.717	1137
1543340700	113.717	113.804	113.705	113.782	1243
1543341600	113.782	113.809	113.748	113.756	1174
1543342500	113.756	113.77	113.732	113.746	896
1543343400	113.745	113.796	113.743	113.771	776
1543344300	113.77	113.839	113.766	113.834	775
1543345200	113.834	113.839	113.786	113.822	671
1543346100	113.822	113.837	113.763	113.77	738
1543347000	113.77	113.801	113.765	113.775	882
1543347900	113.775	113.777	113.738	113.775	539
1543348800	113.776	113.781	113.719	113.725	667
1543349700	113.725	113.817	113.708	113.742	1030
1543350600	113.741	113.768	113.714	113.727	1025
1543351500	113.726	113.766	113.701	113.762	646
1543352400	113.763	113.793	113.756	113.776	649
1543353300	113.776	113.776	113.748	113.763	416
1543354200	113.763	113.788	113.763	113.764	405
1543355100	113.765	113.783	113.758	113.778	477
1543356000	113.778	113.803	113.776	113.796	534
1543356900	113.796	113.799	113.771	113.774	429
1543357800	113.774	113.78	113.761	113.769	326
1543358700	113.769	113.783	113.748	113.772	304
1543359600	113.772	113.785	113.77	113.782	124
1543360500	113.782	113.787	113.774	113.784	113
1543361400	113.784	113.786	113.776	113.782	120
1543362300	113.782	113.789	113.768	113.775	255
1543363200	113.775	113.778	113.728	113.737	188
1543364100	113.737	113.766	113.735	113.764	651
1543365000	113.764	113.768	113.752	113.754	145
1543365900	113.755	113.795	113.745	113.763	276
1543366800	113.763	113.788	113.749	113.761	274
1543367700	113.761	113.762	113.727	113.73	113
1543368600	113.728	113.745	113.726	113.739	212
1543369500	113.74	113.794	113.74	113.791	168
1543370400	113.791	113.849	113.765	113.825	941
1543371300	113.826	113.844	113.805	113.807	503
1543372200	113.808	113.848	113.808	113.836	335
1543373100	113.837	113.839	113.749	113.765	769
1543374000	113.765	113.796	113.751	113.774	386
1543374900	113.774	113.784	113.756	113.779	352
1543375800	113.779	113.817	113.778	113.788	444
1543376700	113.788	113.797	113.758	113.771	367
1543377600	113.77	113.79	113.749	113.784	401
1543378500	113.783	113.802	113.775	113.798	510
1543379400	113.799	113.813	113.793	113.808	344
1543380300	113.808	113.811	113.788	113.795	345
1543381200	113.795	113.801	113.78	113.795	234
1543382100	113.796	113.796	113.782	113.787	160
1543383000	113.786	113.795	113.78	113.794	230
1543383900	113.794	113.822	113.792	113.816	197
1543384800	113.816	113.836	113.811	113.827	300
1543385700	113.828	113.848	113.817	113.835	337
1543386600	113.837	113.849	113.827	113.833	185
1543387500	113.833	113.841	113.818	113.818	159
1543388400	113.818	113.833	113.818	113.82	201
1543389300	113.819	113.897	113.818	113.869	562
1543390200	113.869	113.885	113.864	113.878	319
1543391100	113.878	113.886	113.863	113.88	381
1543392000	113.88	113.889	113.852	113.866	489
1543392900	113.866	113.875	113.854	113.871	264
1543393800	113.871	113.874	113.837	113.841	372
1543394700	113.841	113.856	113.836	113.842	217
1543395600	113.841	113.878	113.836	113.874	275
1543396500	113.874	113.888	113.861	113.88	269
1543397400	113.88	113.884	113.837	113.85	384
1543398300	113.85	113.887	113.848	113.86	458
1543399200	113.861	113.868	113.819	113.832	584
1543400100	113.832	113.862	113.813	113.854	711
1543401000	113.854	113.861	113.827	113.831	457
1543401900	113.831	113.843	113.819	113.82	471
1543402800	113.82	113.844	113.78	113.802	505
1543403700	113.802	113.813	113.752	113.752	465
1543404600	113.751	113.787	113.742	113.761	423
1543405500	113.76	113.776	113.745	113.746	480
1543406400	113.746	113.757	113.735	113.744	491
1543407300	113.744	113.758	113.736	113.754	351
1543408200	113.753	113.777	113.75	113.767	478
1543409100	113.766	113.787	113.755	113.764	427
1543410000	113.764	113.764	113.73	113.738	335
1543410900	113.738	113.753	113.722	113.726	314
1543411800	113.726	113.738	113.71	113.731	327
1543412700	113.73	113.76	113.724	113.757	201
1543413600	113.757	113.768	113.75	113.763	415
1543414500	113.763	113.807	113.756	113.803	620
1543415400	113.803	113.826	113.79	113.816	498
1543416300	113.816	113.828	113.795	113.814	736
1543417200	113.814	113.847	113.803	113.843	749
1543418100	113.843	113.864	113.839	113.846	428
1543419000	113.84	113.854	113.815	113.831	718
1543419900	113.83	113.842	113.791	113.827	666
1543420800	113.827	113.874	113.816	113.874	793
1543421700	113.873	113.893	113.864	113.885	607
1543422600	113.884	113.923	113.868	113.898	1433
1543423500	113.899	113.954	113.899	113.918	1141
1543424400	113.918	113.934	113.891	113.901	912
1543425300	113.901	113.919	113.886	113.904	779
1543426200	113.903	113.953	113.893	113.939	915
1543427100	113.939	114.01	113.929	114.01	1011
1543428000	114.01	114.033	113.971	114.014	1150
1543428900	114.014	114.017	113.976	113.984	609
1543429800	113.984	113.989	113.952	113.981	427
1543430700	113.981	113.997	113.955	113.96	556
1543431600	113.961	113.963	113.437	113.568	3231
1543432500	113.57	113.674	113.534	113.663	1692
1543433400	113.663	113.767	113.656	113.747	1517
1543434300	113.747	113.76	113.681	113.697	1597
1543435200	113.697	113.717	113.488	113.553	1899
1543436100	113.553	113.564	113.447	113.524	1572
1543437000	113.524	113.553	113.476	113.537	1023
1543437900	113.537	113.577	113.463	113.577	959
1543438800	113.577	113.604	113.546	113.55	836
1543439700	113.55	113.559	113.503	113.511	975
1543440600	113.511	113.564	113.51	113.532	535
1543441500	113.532	113.553	113.519	113.527	450
1543442400	113.525	113.57	113.524	113.557	457
1543443300	113.557	113.587	113.55	113.583	361
1543444200	113.585	113.631	113.579	113.604	430
1543445100	113.604	113.633	113.586	113.626	331
1543446000	113.627	113.636	113.607	113.623	187
1543446900	113.623	113.629	113.607	113.616	119
1543447800	113.616	113.648	113.615	113.642	217
1543448700	113.642	113.69	113.64	113.672	190
1543449600	113.678	113.678	113.599	113.635	1555
1543450500	113.634	113.659	113.616	113.629	495
1543451400	113.629	113.655	113.612	113.619	397
1543452300	113.62	113.63	113.607	113.619	671
1543453200	113.619	113.627	113.577	113.579	298
1543454100	113.579	113.599	113.57	113.574	135
1543455000	113.573	113.58	113.527	113.543	486
1543455900	113.542	113.565	113.538	113.562	298
1543456800	113.562	113.584	113.538	113.57	602
1543457700	113.57	113.608	113.57	113.603	287
1543458600	113.603	113.603	113.545	113.55	437
1543459500	113.552	113.598	113.547	113.559	533
1543460400	113.56	113.563	113.504	113.52	597
1543461300	113.52	113.55	113.508	113.508	561
1543462200	113.507	113.533	113.482	113.484	665
1543463100	113.485	113.497	113.429	113.459	694
1543464000	113.459	113.472	113.422	113.445	765
1543464900	113.445	113.472	113.436	113.471	366
1543465800	113.471	113.474	113.42	113.432	393
1543466700	113.432	113.439	113.413	113.427	460
1543467600	113.427	113.433	113.366	113.382	414
1543468500	113.382	113.389	113.371	113.379	286
1543469400	113.378	113.402	113.37	113.386	270
1543470300	113.386	113.404	113.381	113.381	216
1543471200	113.381	113.393	113.328	113.339	364
1543472100	113.339	113.339	113.266	113.288	432
1543473000	113.288	113.292	113.252	113.289	310
1543473900	113.289	113.309	113.263	113.279	355
1543474800	113.279	113.293	113.253	113.255	233
1543475700	113.255	113.269	113.227	113.266	467
1543476600	113.266	113.274	113.233	113.239	331
1543477500	113.238	113.251	113.218	113.235	365
1543478400	113.237	113.244	113.206	113.235	294
1543479300	113.237	113.305	113.234	113.3	348
1543480200	113.3	113.312	113.268	113.274	347
1543481100	113.274	113.29	113.245	113.289	351
1543482000	113.289	113.337	113.277	113.29	530
1543482900	113.29	113.304	113.256	113.264	277
1543483800	113.264	113.274	113.228	113.267	504
1543484700	113.267	113.295	113.225	113.232	562
1543485600	113.232	113.289	113.229	113.27	770
1543486500	113.272	113.291	113.25	113.267	558
1543487400	113.267	113.335	113.258	113.334	684
1543488300	113.334	113.375	113.329	113.339	516
1543489200	113.339	113.371	113.283	113.284	608
1543490100	113.284	113.298	113.262	113.272	517
1543491000	113.272	113.301	113.257	113.292	419
1543491900	113.292	113.305	113.271	113.272	441
1543492800	113.272	113.3	113.263	113.267	326
1543493700	113.269	113.309	113.264	113.309	401
1543494600	113.309	113.351	113.299	113.337	574
1543495500	113.337	113.364	113.333	113.356	391
1543496400	113.356	113.404	113.353	113.393	374
1543497300	113.392	113.414	113.391	113.398	333
1543498200	113.398	113.402	113.359	113.393	578
1543499100	113.395	113.412	113.372	113.391	458
1543500000	113.391	113.405	113.32	113.325	481
1543500900	113.325	113.343	113.303	113.329	542
1543501800	113.329	113.337	113.307	113.31	719
1543502700	113.31	113.321	113.246	113.266	533
1543503600	113.266	113.269	113.244	113.267	614
1543504500	113.268	113.281	113.241	113.271	829
1543505400	113.27	113.304	113.185	113.299	1506
1543506300	113.298	113.334	113.257	113.328	938
1543507200	113.328	113.343	113.301	113.312	797
1543508100	113.312	113.345	113.28	113.325	775
1543509000	113.325	113.364	113.265	113.328	1721
1543509900	113.328	113.328	113.264	113.274	1186
1543510800	113.275	113.384	113.259	113.373	1314
1543511700	113.372	113.374	113.264	113.267	961
1543512600	113.268	113.371	113.261	113.3	1924
1543513500	113.3	113.34	113.249	113.29	1311
1543514400	113.29	113.306	113.251	113.266	1181
1543515300	113.266	113.46	113.258	113.459	1569
1543516200	113.46	113.467	113.403	113.403	977
1543517100	113.403	113.421	113.39	113.419	605
1543518000	113.418	113.45	113.407	113.433	557
1543518900	113.433	113.442	113.41	113.416	392
1543519800	113.416	113.483	113.416	113.476	467
1543520700	113.476	113.477	113.449	113.462	327
1543521600	113.462	113.497	113.454	113.481	635
1543522500	113.481	113.486	113.441	113.464	306
1543523400	113.464	113.496	113.459	113.488	486
1543524300	113.488	113.505	113.445	113.452	320
1543525200	113.453	113.479	113.378	113.479	1282
1543526100	113.479	113.551	113.479	113.513	726
1543527000	113.512	113.515	113.41	113.411	554
1543527900	113.412	113.442	113.411	113.43	456
1543528800	113.43	113.454	113.429	113.45	632
1543529700	113.451	113.455	113.411	113.417	497
1543530600	113.417	113.417	113.373	113.385	533
1543531500	113.385	113.403	113.357	113.386	621
1543532400	113.387	113.46	113.383	113.445	260
1543533300	113.445	113.459	113.44	113.445	115
1543534200	113.445	113.446	113.429	113.438	149
1543535100	113.44	113.48	113.43	113.478	217
1543536000	113.471	113.48	113.277	113.383	172
1543536900	113.383	113.416	113.379	113.403	139
1543537800	113.405	113.433	113.355	113.423	656
1543538700	113.423	113.456	113.417	113.449	300
1543539600	113.449	113.464	113.414	113.421	244
1543540500	113.421	113.423	113.381	113.395	118
1543541400	113.396	113.412	113.396	113.408	117
1543542300	113.408	113.422	113.39	113.409	177
1543543200	113.409	113.424	113.363	113.398	643
1543544100	113.398	113.411	113.377	113.404	453
1543545000	113.404	113.416	113.37	113.389	477
1543545900	113.389	113.454	113.377	113.416	626
1543546800	113.415	113.438	113.389	113.407	510
1543547700	113.407	113.418	113.346	113.373	632
1543548600	113.373	113.389	113.342	113.383	680
1543549500	113.383	113.412	113.381	113.39	418
1543550400	113.39	113.391	113.362	113.371	360
1543551300	113.372	113.398	113.365	113.38	381
1543552200	113.379	113.386	113.357	113.36	320
1543553100	113.36	113.385	113.344	113.358	397
1543554000	113.36	113.375	113.337	113.365	371
1543554900	113.365	113.366	113.347	113.357	250
1543555800	113.357	113.439	113.345	113.396	519
1543556700	113.396	113.409	113.391	113.399	230
1543557600	113.398	113.406	113.377	113.403	280
1543558500	113.403	113.411	113.395	113.397	256
1543559400	113.397	113.42	113.39	113.413	247
1543560300	113.413	113.423	113.398	113.418	239
1543561200	113.419	113.421	113.386	113.392	332
1543562100	113.393	113.409	113.353	113.353	314
1543563000	113.353	113.375	113.352	113.373	284
1543563900	113.373	113.406	113.371	113.392	320
1543564800	113.392	113.406	113.377	113.386	372
1543565700	113.386	113.409	113.372	113.387	266
1543566600	113.385	113.411	113.381	113.389	321
1543567500	113.389	113.414	113.38	113.392	313
1543568400	113.392	113.418	113.381	113.411	328
1543569300	113.411	113.425	113.397	113.419	317
1543570200	113.419	113.436	113.414	113.433	269
1543571100	113.433	113.467	113.428	113.464	472
1543572000	113.463	113.481	113.443	113.456	601
1543572900	113.456	113.46	113.427	113.43	397
1543573800	113.43	113.439	113.417	113.419	251
1543574700	113.419	113.458	113.408	113.413	338
1543575600	113.413	113.422	113.406	113.41	246
1543576500	113.409	113.45	113.408	113.449	428
1543577400	113.449	113.481	113.443	113.472	372
1543578300	113.472	113.493	113.456	113.489	355
1543579200	113.489	113.539	113.472	113.537	918
1543580100	113.535	113.539	113.517	113.531	557
1543581000	113.531	113.543	113.507	113.519	427
1543581900	113.519	113.527	113.497	113.504	365
1543582800	113.504	113.508	113.466	113.473	407
1543583700	113.473	113.5	113.471	113.5	238
1543584600	113.5	113.511	113.476	113.48	322
1543585500	113.48	113.5	113.479	113.492	312
1543586400	113.493	113.532	113.481	113.518	678
1543587300	113.519	113.531	113.509	113.52	626
1543588200	113.52	113.521	113.492	113.514	514
1543589100	113.513	113.541	113.504	113.532	541
1543590000	113.532	113.544	113.501	113.544	682
1543590900	113.543	113.572	113.524	113.548	1212
1543591800	113.548	113.552	113.509	113.522	688
1543592700	113.522	113.541	113.511	113.523	713
1543593600	113.523	113.524	113.44	113.457	966
1543594500	113.457	113.509	113.442	113.503	777
1543595400	113.504	113.559	113.502	113.552	1142
1543596300	113.552	113.594	113.546	113.571	1641
1543597200	113.571	113.597	113.543	113.55	1176
1543598100	113.551	113.588	113.549	113.557	948
1543599000	113.557	113.603	113.526	113.539	1196
1543599900	113.539	113.56	113.5	113.539	1355
1543600800	113.539	113.564	113.499	113.523	1139
1543601700	113.523	113.549	113.511	113.523	721
1543602600	113.523	113.542	113.502	113.527	603
1543603500	113.527	113.561	113.526	113.533	572
1543604400	113.533	113.539	113.513	113.528	464
1543605300	113.528	113.556	113.515	113.552	468
1543606200	113.552	113.579	113.543	113.577	203
1543607100	113.577	113.648	113.576	113.634	473
1543608000	113.634	113.685	113.632	113.679	433
1543608900	113.68	113.693	113.66	113.676	612
1543609800	113.675	113.716	113.614	113.642	832
1543610700	113.643	113.646	113.62	113.644	489
1543611600	113.644	113.656	113.621	113.65	558
1543612500	113.65	113.666	113.628	113.629	442
1543613400	113.629	113.631	113.605	113.61	470
1543614300	113.61	113.626	113.597	113.604	400
1543615200	113.603	113.623	113.55	113.554	453
1543616100	113.554	113.591	113.554	113.583	424
1543617000	113.583	113.596	113.549	113.551	418
1543617900	113.551	113.553	113.5	113.502	395
1543618800	113.501	113.523	113.473	113.495	300
1543619700	113.494	113.536	113.494	113.535	159
1543620600	113.535	113.543	113.526	113.532	112
1543621500	113.532	113.541	113.452	113.471	290
1543795200	113.689	113.689	113.591	113.654	393
1543796100	113.651	113.654	113.614	113.641	1806
1543797000	113.64	113.702	113.631	113.671	1392
1543797900	113.671	113.722	113.66	113.716	1042
1543798800	113.717	113.795	113.659	113.793	959
1543799700	113.793	113.817	113.766	113.768	716
1543800600	113.767	113.773	113.731	113.754	412
1543801500	113.754	113.773	113.732	113.767	439
1543802400	113.767	113.773	113.687	113.696	971
1543803300	113.696	113.716	113.661	113.688	413
1543804200	113.687	113.704	113.658	113.667	395
1543805100	113.667	113.674	113.546	113.548	803
1543806000	113.548	113.607	113.546	113.594	559
1543806900	113.592	113.632	113.587	113.632	370
1543807800	113.632	113.646	113.616	113.646	484
1543808700	113.645	113.658	113.63	113.655	531
1543809600	113.655	113.656	113.569	113.584	488
1543810500	113.584	113.587	113.543	113.572	517
1543811400	113.572	113.574	113.541	113.555	516
1543812300	113.555	113.594	113.542	113.59	160
1543813200	113.59	113.599	113.566	113.57	196
1543814100	113.57	113.587	113.559	113.585	203
1543815000	113.585	113.586	113.554	113.554	297
1543815900	113.555	113.559	113.516	113.525	436
1543816800	113.525	113.529	113.435	113.444	599
1543817700	113.444	113.486	113.441	113.482	358
1543818600	113.481	113.509	113.471	113.487	401
1543819500	113.487	113.496	113.45	113.489	262
1543820400	113.489	113.509	113.477	113.485	337
1543821300	113.485	113.558	113.469	113.536	534
1543822200	113.536	113.547	113.501	113.501	408
1543823100	113.501	113.512	113.472	113.49	427
1543824000	113.49	113.527	113.482	113.514	470
1543824900	113.514	113.529	113.507	113.514	306
1543825800	113.515	113.515	113.48	113.488	168
1543826700	113.488	113.537	113.488	113.527	229
1543827600	113.527	113.535	113.482	113.503	397
1543828500	113.503	113.526	113.488	113.492	298
1543829400	113.492	113.506	113.468	113.468	531
1543830300	113.468	113.474	113.446	113.464	368
1543831200	113.464	113.471	113.444	113.465	341
1543832100	113.465	113.495	113.458	113.491	365
1543833000	113.491	113.498	113.442	113.442	406
1543833900	113.442	113.442	113.371	113.394	561
1543834800	113.394	113.425	113.392	113.419	368
1543835700	113.419	113.445	113.417	113.44	335
1543836600	113.44	113.459	113.428	113.437	309
1543837500	113.437	113.444	113.42	113.432	444
1543838400	113.432	113.494	113.424	113.473	560
1543839300	113.473	113.484	113.462	113.474	274
1543840200	113.474	113.501	113.468	113.492	262
1543841100	113.491	113.542	113.476	113.542	314
1543842000	113.541	113.553	113.507	113.518	508
1543842900	113.518	113.554	113.517	113.552	345
1543843800	113.553	113.594	113.544	113.588	401
1543844700	113.588	113.594	113.562	113.577	205
1543845600	113.577	113.597	113.563	113.58	389
1543846500	113.581	113.588	113.55	113.588	288
1543847400	113.588	113.594	113.56	113.572	241
1543848300	113.572	113.598	113.54	113.555	472
1543849200	113.555	113.582	113.554	113.568	588
1543850100	113.568	113.592	113.52	113.533	526
1543851000	113.533	113.534	113.491	113.515	768
1543851900	113.515	113.539	113.507	113.539	724
1543852800	113.539	113.55	113.492	113.514	724
1543853700	113.514	113.526	113.488	113.514	706
1543854600	113.514	113.54	113.511	113.513	603
1543855500	113.513	113.519	113.442	113.49	856
1543856400	113.526	113.596	113.46	113.529	1255
1543857300	113.528	113.607	113.523	113.597	1003
1543858200	113.597	113.606	113.532	113.532	939
1543859100	113.532	113.595	113.489	113.59	1084
1543860000	113.591	113.618	113.531	113.544	993
1543860900	113.544	113.588	113.53	113.543	910
1543861800	113.543	113.577	113.53	113.557	565
1543862700	113.557	113.558	113.514	113.545	603
1543863600	113.545	113.563	113.525	113.561	533
1543864500	113.561	113.583	113.551	113.564	456
1543865400	113.565	113.613	113.556	113.606	397
1543866300	113.606	113.635	113.591	113.62	365
1543867200	113.62	113.692	113.62	113.646	486
1543868100	113.646	113.674	113.587	113.613	470
1543869000	113.613	113.655	113.606	113.653	342
1543869900	113.653	113.654	113.621	113.644	249
1543870800	113.644	113.655	113.632	113.65	361
1543871700	113.651	113.706	113.65	113.682	353
1543872600	113.682	113.688	113.633	113.644	225
1543873500	113.644	113.693	113.644	113.682	463
1543874400	113.681	113.685	113.654	113.671	286
1543875300	113.67	113.681	113.643	113.648	268
1543876200	113.65	113.665	113.634	113.648	305
1543877100	113.647	113.672	113.636	113.656	326
1543878000	113.656	113.66	113.625	113.626	185
1543878900	113.626	113.641	113.603	113.639	98
1543879800	113.64	113.64	113.588	113.593	124
1543880700	113.593	113.658	113.592	113.643	273
1543881600	113.645	113.653	113.587	113.632	392
1543882500	113.632	113.638	113.616	113.619	1418
1543883400	113.619	113.634	113.608	113.626	544
1543884300	113.626	113.629	113.616	113.621	163
1543885200	113.621	113.634	113.591	113.593	270
1543886100	113.593	113.595	113.556	113.557	125
1543887000	113.558	113.566	113.541	113.564	187
1543887900	113.564	113.591	113.556	113.584	463
1543888800	113.584	113.633	113.577	113.59	792
1543889700	113.587	113.588	113.557	113.574	413
1543890600	113.574	113.591	113.565	113.568	416
1543891500	113.568	113.584	113.546	113.554	550
1543892400	113.554	113.56	113.456	113.461	928
1543893300	113.461	113.464	113.381	113.403	936
1543894200	113.403	113.409	113.298	113.306	1052
1543895100	113.306	113.337	113.291	113.313	665
1543896000	113.313	113.359	113.272	113.317	705
1543896900	113.317	113.341	113.287	113.338	623
1543897800	113.338	113.347	113.312	113.32	439
1543898700	113.32	113.33	113.306	113.315	323
1543899600	113.315	113.341	113.296	113.296	314
1543900500	113.296	113.329	113.288	113.324	295
1543901400	113.324	113.326	113.279	113.299	622
1543902300	113.3	113.325	113.293	113.301	563
1543903200	113.3	113.322	113.258	113.266	749
1543904100	113.267	113.267	113.216	113.222	766
1543905000	113.222	113.224	113.135	113.142	773
1543905900	113.142	113.156	113.057	113.096	882
1543906800	113.095	113.098	113.048	113.085	685
1543907700	113.083	113.093	113.049	113.081	616
1543908600	113.081	113.13	113.064	113.12	605
1543909500	113.12	113.141	113.101	113.132	576
1543910400	113.133	113.152	113.121	113.127	531
1543911300	113.127	113.134	113.049	113.07	526
1543912200	113.07	113.113	113.053	113.112	411
1543913100	113.112	113.118	113.047	113.052	468
1543914000	113.052	113.104	113.036	113.042	694
1543914900	113.042	113.091	113.042	113.075	579
1543915800	113.075	113.126	113.069	113.112	715
1543916700	113.112	113.114	113.076	113.105	465
1543917600	113.105	113.136	113.047	113.068	799
1543918500	113.068	113.077	113.006	113.054	765
1543919400	113.054	113.054	112.933	112.947	875
1543920300	112.947	112.961	112.892	112.935	808
1543921200	112.935	112.942	112.831	112.864	831
1543922100	112.864	112.887	112.803	112.803	601
1543923000	112.803	112.815	112.726	112.745	966
1543923900	112.747	112.792	112.731	112.747	602
1543924800	112.747	112.783	112.742	112.775	707
1543925700	112.775	112.808	112.762	112.794	564
1543926600	112.794	112.806	112.753	112.763	463
1543927500	112.763	112.765	112.727	112.754	460
1543928400	112.754	112.77	112.732	112.734	641
1543929300	112.732	112.794	112.726	112.793	665
1543930200	112.794	112.808	112.774	112.801	558
1543931100	112.801	112.834	112.766	112.771	605
1543932000	112.772	112.809	112.754	112.802	742
1543932900	112.802	112.817	112.767	112.788	584
1543933800	112.788	112.798	112.768	112.782	589
1543934700	112.782	112.794	112.763	112.779	601
1543935600	112.779	112.795	112.765	112.785	737
1543936500	112.785	112.806	112.763	112.783	866
1543937400	112.783	112.891	112.778	112.889	1142
1543938300	112.889	112.911	112.866	112.891	783
1543939200	112.892	112.894	112.789	112.813	999
1543940100	112.814	112.854	112.79	112.845	788
1543941000	112.845	112.926	112.845	112.886	1286
1543941900	112.886	112.901	112.792	112.805	1434
1543942800	112.805	112.878	112.8	112.856	1382
1543943700	112.856	112.965	112.843	112.943	1055
1543944600	112.942	112.994	112.904	112.96	876
1543945500	112.96	113.015	112.947	113	1023
1543946400	113	113	112.927	112.931	929
1543947300	112.931	112.96	112.894	112.953	1043
1543948200	112.953	112.983	112.912	112.947	1023
1543949100	112.947	112.952	112.918	112.93	649
1543950000	112.93	113.004	112.888	112.888	1784
1543950900	112.888	112.923	112.807	112.809	1681
1543951800	112.809	112.868	112.768	112.848	1783
1543952700	112.849	112.857	112.748	112.767	1862
1543953600	112.766	112.801	112.715	112.717	1404
1543954500	112.717	112.745	112.606	112.616	1423
1543955400	112.615	112.652	112.572	112.639	1611
1543956300	112.64	112.787	112.625	112.772	1452
1543957200	112.772	112.779	112.722	112.747	1244
1543958100	112.747	112.747	112.673	112.695	885
1543959000	112.694	112.792	112.694	112.785	1004
1543959900	112.785	112.883	112.772	112.806	1089
1543960800	112.806	112.815	112.767	112.786	1259
1543961700	112.785	112.807	112.747	112.763	1134
1543962600	112.764	112.82	112.737	112.749	1291
1543963500	112.748	112.831	112.734	112.831	940
1543964400	112.834	112.842	112.753	112.76	416
1543965300	112.76	112.789	112.747	112.786	205
1543966200	112.786	112.789	112.775	112.783	178
1543967100	112.783	112.804	112.768	112.769	301
1543968000	112.766	112.777	112.747	112.755	201
1543968900	112.754	112.774	112.749	112.761	1436
1543969800	112.76	112.772	112.748	112.763	545
1543970700	112.764	112.772	112.745	112.753	755
1543971600	112.75	112.754	112.68	112.681	421
1543972500	112.681	112.693	112.656	112.658	400
1543973400	112.658	112.742	112.645	112.734	522
1543974300	112.734	112.738	112.677	112.685	686
1543975200	112.685	112.811	112.67	112.802	1069
1543976100	112.802	112.897	112.8	112.856	898
1543977000	112.856	112.921	112.851	112.88	890
1543977900	112.879	112.897	112.81	112.811	822
1543978800	112.812	112.892	112.811	112.858	659
1543979700	112.858	112.935	112.847	112.931	692
1543980600	112.93	112.98	112.922	112.969	703
1543981500	112.969	113.01	112.951	112.986	699
1543982400	112.986	112.99	112.937	112.944	480
1543983300	112.944	112.967	112.938	112.945	446
1543984200	112.945	112.948	112.91	112.938	310
1543985100	112.938	112.961	112.93	112.949	406
1543986000	112.949	113.021	112.943	113.001	519
1543986900	113.001	113.028	112.98	112.981	309
1543987800	112.981	112.985	112.917	112.917	608
1543988700	112.917	112.925	112.892	112.913	359
1543989600	112.913	112.979	112.913	112.964	335
1543990500	112.964	112.964	112.924	112.95	322
1543991400	112.95	113.018	112.95	112.995	445
1543992300	112.995	113.033	112.982	112.987	324
1543993200	112.986	113.016	112.976	112.996	456
1543994100	112.995	113.091	112.983	113.032	731
1543995000	113.032	113.072	113.021	113.025	436
1543995900	113.026	113.054	113.014	113.05	349
1543996800	113.049	113.077	113.04	113.055	437
1543997700	113.055	113.079	113.035	113.046	389
1543998600	113.046	113.059	113.031	113.046	316
1543999500	113.045	113.052	113.01	113.018	270
1544000400	113.018	113.039	112.987	113.028	467
1544001300	113.028	113.113	113.026	113.091	372
1544002200	113.091	113.091	113.032	113.043	363
1544003100	113.045	113.096	113.036	113.079	354
1544004000	113.079	113.108	113.012	113.051	666
1544004900	113.05	113.052	113.023	113.032	452
1544005800	113.032	113.038	112.983	112.986	448
1544006700	112.986	113.016	112.956	113.005	429
1544007600	113.005	113.013	112.962	112.964	353
1544008500	112.964	112.99	112.951	112.986	216
1544009400	112.986	112.986	112.943	112.986	404
1544010300	112.985	113.013	112.967	112.972	334
1544011200	112.972	113.02	112.961	112.999	344
1544012100	112.999	113.021	112.983	113.007	237
1544013000	113.006	113.027	112.997	113.01	274
1544013900	113.01	113.031	113.008	113.016	287
1544014800	113.016	113.023	112.934	112.939	730
1544015700	112.939	112.963	112.922	112.957	478
1544016600	112.958	112.973	112.945	112.945	321
1544017500	112.945	112.965	112.937	112.956	371
1544018400	112.956	112.965	112.934	112.939	320
1544019300	112.939	112.972	112.931	112.964	267
1544020200	112.964	112.969	112.941	112.945	241
1544021100	112.944	112.997	112.941	112.993	252
1544022000	112.991	113.007	112.972	113.004	487
1544022900	113.004	113.032	112.992	113.009	540
1544023800	113.009	113.042	113.007	113.032	463
1544024700	113.033	113.073	113.031	113.066	438
1544025600	113.066	113.078	113.05	113.063	371
1544026500	113.064	113.127	113.054	113.058	629
1544027400	113.058	113.138	113.042	113.127	517
1544028300	113.127	113.158	113.104	113.153	390
1544029200	113.153	113.184	113.141	113.163	617
1544030100	113.163	113.225	113.155	113.195	674
1544031000	113.195	113.225	113.156	113.159	422
1544031900	113.16	113.191	113.127	113.133	648
1544032800	113.133	113.16	113.108	113.128	620
1544033700	113.129	113.14	113.115	113.129	287
1544034600	113.129	113.141	113.108	113.134	287
1544035500	113.133	113.139	113.117	113.126	253
1544036400	113.126	113.142	113.101	113.134	162
1544037300	113.134	113.15	113.11	113.129	328
1544038200	113.129	113.139	113.12	113.133	130
1544039100	113.133	113.151	113.121	113.142	175
1544040000	113.141	113.152	113.111	113.116	155
1544040900	113.116	113.159	113.116	113.154	228
1544041800	113.155	113.172	113.146	113.17	312
1544042700	113.17	113.17	113.146	113.164	216
1544043600	113.164	113.187	113.151	113.184	300
1544044500	113.183	113.184	113.15	113.164	141
1544045400	113.164	113.18	113.162	113.177	90
1544046300	113.177	113.204	113.164	113.185	522
1544047200	113.185	113.203	113.183	113.199	391
1544048100	113.201	113.215	113.185	113.215	148
1544049000	113.214	113.236	113.214	113.228	163
1544049900	113.228	113.228	113.208	113.219	310
1544050800	113.233	113.24	113.19	113.2	210
1544051700	113.198	113.202	113.182	113.189	83
1544052600	113.189	113.193	113.174	113.181	89
1544053500	113.181	113.188	113.172	113.185	197
1544054400	113.192	113.209	113.133	113.145	304
1544055300	113.146	113.178	113.126	113.126	233
1544056200	113.127	113.143	113.107	113.136	199
1544057100	113.136	113.167	113.121	113.139	257
1544058000	113.148	113.163	113.017	113.076	1547
1544058900	113.076	113.084	113.039	113.05	636
1544059800	113.05	113.056	112.995	113.014	891
1544060700	113.014	113.054	112.976	113.039	856
1544061600	113.039	113.093	113.019	113.031	1189
1544062500	113.031	113.035	112.958	113.003	1072
1544063400	113.003	113.022	112.952	113.011	924
1544064300	113.01	113.01	112.893	112.905	1057
1544065200	112.904	112.911	112.807	112.812	1199
1544066100	112.812	112.825	112.734	112.794	1448
1544067000	112.794	112.863	112.774	112.82	1486
1544067900	112.82	112.855	112.774	112.812	760
1544068800	112.812	112.844	112.784	112.794	734
1544069700	112.794	112.826	112.754	112.817	588
1544070600	112.817	112.849	112.808	112.834	534
1544071500	112.833	112.841	112.786	112.839	522
1544072400	112.839	112.84	112.731	112.732	878
1544073300	112.732	112.732	112.675	112.714	761
1544074200	112.713	112.758	112.709	112.726	725
1544075100	112.726	112.738	112.681	112.717	757
1544076000	112.717	112.737	112.695	112.707	457
1544076900	112.707	112.713	112.651	112.681	742
1544077800	112.682	112.682	112.634	112.66	565
1544078700	112.658	112.66	112.579	112.628	851
1544079600	112.626	112.695	112.624	112.682	779
1544080500	112.682	112.694	112.664	112.669	576
1544081400	112.669	112.723	112.653	112.714	781
1544082300	112.713	112.743	112.697	112.742	531
1544083200	112.741	112.792	112.736	112.746	692
1544084100	112.746	112.791	112.727	112.787	556
1544085000	112.787	112.834	112.787	112.806	542
1544085900	112.807	112.922	112.803	112.851	689
1544086800	112.851	113.104	112.834	113.052	1240
1544087700	113.052	113.153	113.004	113.104	2385
1544088600	113.105	113.125	113.053	113.068	1489
1544089500	113.068	113.097	113.058	113.088	1662
1544090400	113.086	113.115	113.023	113.035	1983
1544091300	113.034	113.051	112.996	113.018	1728
1544092200	113.018	113.043	112.962	112.962	1299
1544093100	112.962	112.966	112.788	112.813	1192
1544094000	112.813	112.842	112.668	112.681	1279
1544094900	112.681	112.765	112.678	112.711	1247
1544095800	112.711	112.718	112.666	112.703	1011
1544096700	112.703	112.733	112.605	112.615	1461
1544097600	112.615	112.709	112.612	112.701	1248
1544098500	112.7	112.744	112.686	112.731	1034
1544099400	112.732	112.79	112.73	112.778	878
1544100300	112.777	112.804	112.732	112.799	1124
1544101200	112.8	112.824	112.783	112.808	897
1544102100	112.808	112.83	112.786	112.79	741
1544103000	112.79	112.792	112.736	112.742	734
1544103900	112.742	112.801	112.737	112.789	861
1544104800	112.79	112.832	112.784	112.793	1213
1544105700	112.793	112.826	112.767	112.809	923
1544106600	112.809	112.814	112.775	112.801	678
1544107500	112.801	112.823	112.785	112.787	433
1544108400	112.787	112.819	112.766	112.812	777
1544109300	112.812	112.821	112.742	112.758	1294
1544110200	112.758	112.799	112.712	112.735	1488
1544111100	112.732	112.735	112.672	112.679	1368
1544112000	112.679	112.7	112.428	112.444	2019
1544112900	112.442	112.465	112.372	112.431	1899
1544113800	112.431	112.486	112.361	112.414	3457
1544114700	112.411	112.444	112.279	112.342	2515
1544115600	112.35	112.492	112.339	112.404	3151
1544116500	112.408	112.454	112.237	112.295	2984
1544117400	112.295	112.336	112.256	112.279	2600
1544118300	112.281	112.366	112.227	112.358	2655
1544119200	112.358	112.395	112.277	112.296	2544
1544120100	112.296	112.365	112.237	112.344	1899
1544121000	112.342	112.474	112.335	112.434	1965
1544121900	112.434	112.501	112.416	112.471	1362
1544122800	112.47	112.48	112.427	112.442	1353
1544123700	112.443	112.54	112.44	112.522	1399
1544124600	112.522	112.573	112.5	112.546	1489
1544125500	112.546	112.605	112.523	112.538	1367
1544126400	112.538	112.549	112.468	112.499	990
1544127300	112.499	112.502	112.425	112.476	1126
1544128200	112.475	112.512	112.427	112.497	1183
1544129100	112.497	112.578	112.497	112.572	939
1544130000	112.572	112.582	112.472	112.5	1236
1544130900	112.499	112.528	112.457	112.517	1434
1544131800	112.517	112.525	112.458	112.488	1631
1544132700	112.489	112.647	112.465	112.631	1531
1544133600	112.63	112.659	112.597	112.629	1555
1544134500	112.629	112.684	112.616	112.633	1359
1544135400	112.633	112.748	112.621	112.72	1221
1544136300	112.72	112.76	112.696	112.705	721
1544137200	112.706	112.731	112.645	112.647	352
1544138100	112.647	112.687	112.639	112.673	138
1544139000	112.673	112.708	112.673	112.69	198
1544139900	112.69	112.69	112.646	112.664	330
1544140800	112.664	112.696	112.611	112.681	695
1544141700	112.683	112.697	112.642	112.669	359
1544142600	112.67	112.715	112.668	112.691	1230
1544143500	112.691	112.725	112.691	112.713	307
1544144400	112.713	112.714	112.661	112.676	441
1544145300	112.676	112.721	112.676	112.717	320
1544146200	112.717	112.731	112.695	112.702	277
1544147100	112.702	112.725	112.679	112.719	354
1544148000	112.719	112.742	112.657	112.72	1071
1544148900	112.72	112.732	112.681	112.716	790
1544149800	112.716	112.718	112.678	112.709	600
1544150700	112.709	112.746	112.69	112.719	839
1544151600	112.719	112.742	112.695	112.718	573
1544152500	112.718	112.751	112.695	112.705	802
1544153400	112.704	112.727	112.68	112.68	752
1544154300	112.679	112.706	112.668	112.674	791
1544155200	112.674	112.723	112.647	112.697	808
1544156100	112.696	112.723	112.685	112.712	448
1544157000	112.712	112.745	112.704	112.741	381
1544157900	112.741	112.747	112.711	112.742	538
1544158800	112.743	112.769	112.73	112.762	432
1544159700	112.762	112.77	112.74	112.746	308
1544160600	112.746	112.765	112.739	112.759	458
1544161500	112.759	112.817	112.757	112.808	505
1544162400	112.807	112.846	112.792	112.823	455
1544163300	112.823	112.873	112.823	112.862	393
1544164200	112.862	112.873	112.832	112.844	417
1544165100	112.844	112.864	112.828	112.834	370
1544166000	112.835	112.868	112.832	112.862	352
1544166900	112.863	112.919	112.857	112.901	359
1544167800	112.902	112.923	112.901	112.912	278
1544168700	112.912	112.923	112.904	112.909	278
1544169600	112.909	112.917	112.865	112.866	335
1544170500	112.866	112.869	112.814	112.855	419
1544171400	112.855	112.863	112.835	112.863	208
1544172300	112.863	112.863	112.805	112.813	302
1544173200	112.813	112.877	112.811	112.844	542
1544174100	112.844	112.857	112.783	112.801	431
1544175000	112.8	112.8	112.748	112.755	669
1544175900	112.754	112.789	112.748	112.765	731
1544176800	112.766	112.786	112.719	112.776	1129
1544177700	112.776	112.837	112.771	112.802	1013
1544178600	112.802	112.847	112.782	112.84	822
1544179500	112.84	112.849	112.811	112.822	673
1544180400	112.822	112.844	112.808	112.817	683
1544181300	112.817	112.824	112.784	112.802	506
1544182200	112.802	112.838	112.782	112.822	672
1544183100	112.823	112.849	112.817	112.841	637
1544184000	112.841	112.85	112.792	112.792	647
1544184900	112.792	112.808	112.78	112.806	405
1544185800	112.806	112.842	112.804	112.841	395
1544186700	112.842	112.843	112.808	112.815	510
1544187600	112.815	112.815	112.792	112.802	601
1544188500	112.802	112.811	112.778	112.778	590
1544189400	112.778	112.794	112.767	112.777	593
1544190300	112.778	112.798	112.769	112.783	465
1544191200	112.783	112.817	112.783	112.811	575
1544192100	112.812	112.835	112.796	112.824	489
1544193000	112.823	112.851	112.815	112.84	581
1544193900	112.84	112.85	112.823	112.845	961
1544194800	112.845	112.889	112.817	112.881	1286
1544195700	112.881	112.904	112.856	112.875	1153
1544196600	112.875	112.905	112.617	112.881	3931
1544197500	112.881	112.897	112.747	112.76	2609
1544198400	112.761	112.833	112.754	112.785	1834
1544199300	112.785	112.787	112.709	112.784	1500
1544200200	112.784	112.825	112.751	112.8	2971
1544201100	112.801	112.842	112.741	112.819	1774
1544202000	112.818	112.841	112.723	112.733	1695
1544202900	112.734	112.735	112.655	112.713	2127
1544203800	112.713	112.756	112.663	112.7	1553
1544204700	112.7	112.738	112.658	112.69	1711
1544205600	112.69	112.716	112.615	112.622	1875
1544206500	112.621	112.67	112.575	112.58	1631
1544207400	112.58	112.643	112.549	112.634	1832
1544208300	112.634	112.672	112.596	112.596	1308
1544209200	112.596	112.674	112.589	112.673	1406
1544210100	112.673	112.736	112.652	112.71	1567
1544211000	112.71	112.721	112.652	112.711	1591
1544211900	112.711	112.728	112.67	112.722	1137
1544212800	112.721	112.771	112.71	112.727	869
1544213700	112.727	112.746	112.708	112.722	830
1544214600	112.722	112.741	112.676	112.704	1180
1544215500	112.703	112.754	112.656	112.663	1040
1544216400	112.662	112.679	112.564	112.589	1181
1544217300	112.589	112.675	112.579	112.657	1241
1544218200	112.657	112.67	112.596	112.647	1146
1544219100	112.647	112.685	112.625	112.639	1129
1544220000	112.639	112.671	112.584	112.631	1257
1544220900	112.631	112.663	112.616	112.653	1177
1544221800	112.653	112.718	112.639	112.673	1426
1544222700	112.673	112.682	112.62	112.626	956
1544223600	112.625	112.699	112.614	112.683	261
1544224500	112.684	112.689	112.667	112.668	166
1544225400	112.67	112.679	112.661	112.667	136
1544226300	112.667	112.702	112.655	112.68	273
1544400000	112.573	112.673	112.573	112.664	225
1544400900	112.664	112.673	112.6	112.619	527
1544401800	112.62	112.677	112.619	112.659	235
1544402700	112.658	112.663	112.617	112.631	827
1544403600	112.627	112.633	112.486	112.502	1036
1544404500	112.502	112.502	112.42	112.448	786
1544405400	112.448	112.493	112.429	112.454	545
1544406300	112.454	112.516	112.433	112.516	486
1544407200	112.517	112.6	112.504	112.55	961
1544408100	112.55	112.558	112.487	112.5	898
1544409000	112.499	112.569	112.496	112.556	929
1544409900	112.556	112.576	112.452	112.459	1170
1544410800	112.459	112.476	112.407	112.415	867
1544411700	112.415	112.443	112.363	112.373	1283
1544412600	112.373	112.38	112.291	112.31	938
1544413500	112.312	112.346	112.29	112.293	655
1544414400	112.293	112.313	112.237	112.268	644
1544415300	112.268	112.305	112.252	112.294	592
1544416200	112.294	112.315	112.271	112.28	556
1544417100	112.28	112.315	112.27	112.314	411
1544418000	112.314	112.325	112.303	112.308	340
1544418900	112.308	112.344	112.308	112.338	303
1544419800	112.338	112.38	112.336	112.339	562
1544420700	112.339	112.364	112.332	112.359	369
1544421600	112.359	112.388	112.349	112.387	293
1544422500	112.387	112.431	112.384	112.425	450
1544423400	112.425	112.452	112.417	112.424	461
1544424300	112.424	112.45	112.411	112.444	362
1544425200	112.444	112.488	112.436	112.467	605
1544426100	112.467	112.492	112.45	112.454	388
1544427000	112.455	112.467	112.422	112.429	466
1544427900	112.429	112.482	112.41	112.469	435
1544428800	112.468	112.475	112.388	112.392	586
1544429700	112.392	112.429	112.391	112.425	387
1544430600	112.427	112.491	112.425	112.482	497
1544431500	112.481	112.502	112.476	112.477	322
1544432400	112.477	112.537	112.477	112.519	501
1544433300	112.519	112.582	112.518	112.575	595
1544434200	112.575	112.647	112.575	112.617	671
1544435100	112.617	112.641	112.572	112.635	739
1544436000	112.635	112.668	112.612	112.657	1130
1544436900	112.657	112.678	112.613	112.622	887
1544437800	112.623	112.717	112.62	112.715	837
1544438700	112.714	112.734	112.692	112.706	610
1544439600	112.705	112.707	112.67	112.679	557
1544440500	112.679	112.708	112.676	112.7	396
1544441400	112.7	112.742	112.695	112.74	648
1544442300	112.739	112.748	112.705	112.718	625
1544443200	112.718	112.738	112.708	112.726	633
1544444100	112.726	112.73	112.687	112.694	457
1544445000	112.695	112.711	112.672	112.674	366
1544445900	112.674	112.718	112.67	112.715	547
1544446800	112.716	112.72	112.676	112.679	624
1544447700	112.679	112.685	112.634	112.638	470
1544448600	112.639	112.65	112.613	112.631	616
1544449500	112.631	112.667	112.619	112.655	841
1544450400	112.655	112.657	112.603	112.611	544
1544451300	112.611	112.648	112.596	112.618	761
1544452200	112.618	112.715	112.618	112.702	681
1544453100	112.702	112.722	112.66	112.688	635
1544454000	112.689	112.727	112.686	112.724	784
1544454900	112.725	112.895	112.724	112.858	1512
1544455800	112.858	112.897	112.828	112.87	1377
1544456700	112.87	112.896	112.841	112.851	939
1544457600	112.851	112.889	112.832	112.876	685
1544458500	112.876	112.994	112.876	112.971	1043
1544459400	112.971	113.056	112.946	113.028	2213
1544460300	113.028	113.036	112.902	112.905	2212
1544461200	112.905	113.029	112.876	113.006	2625
1544462100	113.006	113.006	112.884	112.891	1978
1544463000	112.889	112.927	112.856	112.91	2325
1544463900	112.91	113.037	112.89	112.982	2975
1544464800	112.981	112.984	112.84	112.912	3249
1544465700	112.913	112.943	112.863	112.933	2393
1544466600	112.935	112.969	112.888	112.96	1919
1544467500	112.961	113.026	112.931	112.967	1946
1544468400	112.967	113.008	112.934	113.002	1258
1544469300	113.002	113.02	112.91	112.913	1409
1544470200	112.913	113.028	112.912	113.012	1296
1544471100	113.012	113.217	113.005	113.115	1775
1544472000	113.117	113.16	113.103	113.138	1067
1544472900	113.138	113.154	113.102	113.13	851
1544473800	113.13	113.242	113.123	113.168	1203
1544474700	113.168	113.209	113.162	113.179	1001
1544475600	113.179	113.238	113.161	113.196	1137
1544476500	113.197	113.227	113.168	113.199	943
1544477400	113.199	113.271	113.199	113.231	876
1544478300	113.231	113.279	113.192	113.206	1144
1544479200	113.206	113.233	113.179	113.185	1071
1544480100	113.185	113.21	113.164	113.199	626
1544481000	113.203	113.289	113.193	113.246	922
1544481900	113.246	113.275	113.23	113.273	757
1544482800	113.274	113.285	113.262	113.269	302
1544483700	113.269	113.349	113.268	113.332	189
1544484600	113.332	113.362	113.325	113.336	248
1544485500	113.335	113.372	113.306	113.325	361
1544486400	113.326	113.344	113.246	113.254	640
1544487300	113.254	113.307	113.246	113.294	1530
1544488200	113.294	113.297	113.249	113.252	265
1544489100	113.251	113.263	113.248	113.258	171
1544490000	113.258	113.259	113.207	113.226	343
1544490900	113.227	113.234	113.207	113.213	235
1544491800	113.213	113.215	113.162	113.164	319
1544492700	113.164	113.192	113.152	113.192	491
1544493600	113.192	113.235	113.171	113.177	865
1544494500	113.177	113.204	113.13	113.148	732
1544495400	113.146	113.186	113.138	113.159	654
1544496300	113.159	113.16	113.074	113.082	737
1544497200	113.083	113.11	113.068	113.081	718
1544498100	113.082	113.122	113.038	113.11	1094
1544499000	113.11	113.206	113.11	113.191	1399
1544499900	113.191	113.191	113.048	113.065	1095
1544500800	113.065	113.071	113.044	113.066	814
1544501700	113.066	113.068	113.004	113.033	823
1544502600	113.033	113.047	113.005	113.023	662
1544503500	113.023	113.035	113.012	113.014	430
1544504400	113.013	113.072	113.013	113.07	424
1544505300	113.07	113.083	113.041	113.042	397
1544506200	113.042	113.057	113.012	113.022	609
1544507100	113.022	113.048	113.018	113.044	382
1544508000	113.044	113.081	113.044	113.077	314
1544508900	113.077	113.083	113.055	113.063	349
1544509800	113.062	113.064	113.01	113.038	349
1544510700	113.038	113.064	113.032	113.057	380
1544511600	113.058	113.084	113.058	113.072	425
1544512500	113.073	113.121	113.072	113.112	499
1544513400	113.112	113.128	113.099	113.123	298
1544514300	113.123	113.128	113.082	113.085	285
1544515200	113.085	113.142	113.078	113.119	467
1544516100	113.118	113.147	113.108	113.132	445
1544517000	113.133	113.179	113.132	113.145	312
1544517900	113.145	113.149	113.113	113.123	296
1544518800	113.125	113.159	113.116	113.141	496
1544519700	113.141	113.143	113.096	113.133	766
1544520600	113.133	113.147	113.109	113.121	718
1544521500	113.12	113.135	113.11	113.11	609
1544522400	113.11	113.111	113.048	113.079	1106
1544523300	113.078	113.103	113.053	113.053	784
1544524200	113.052	113.075	113.037	113.064	764
1544525100	113.065	113.075	113.042	113.051	520
1544526000	113.051	113.071	113.05	113.062	532
1544526900	113.063	113.106	113.062	113.087	624
1544527800	113.087	113.088	113.048	113.071	571
1544528700	113.075	113.079	113.018	113.023	379
1544529600	113.023	113.062	113.017	113.051	963
1544530500	113.051	113.096	113.051	113.094	745
1544531400	113.096	113.156	113.096	113.152	711
1544532300	113.152	113.154	113.107	113.123	514
1544533200	113.124	113.15	113.1	113.102	785
1544534100	113.105	113.126	113.104	113.109	572
1544535000	113.108	113.112	113.069	113.07	528
1544535900	113.071	113.153	113.071	113.133	1385
1544536800	113.133	113.178	113.132	113.144	708
1544537700	113.144	113.148	113.111	113.142	747
1544538600	113.142	113.154	113.127	113.151	592
1544539500	113.15	113.173	113.137	113.157	779
1544540400	113.158	113.179	113.127	113.132	830
1544541300	113.132	113.156	113.115	113.129	1111
1544542200	113.129	113.257	113.125	113.202	1476
1544543100	113.202	113.231	113.17	113.212	1143
1544544000	113.212	113.273	113.201	113.216	849
1544544900	113.217	113.329	113.211	113.319	1139
1544545800	113.319	113.324	113.245	113.28	2469
1544546700	113.28	113.309	113.241	113.268	1950
1544547600	113.269	113.337	113.229	113.249	2185
1544548500	113.248	113.332	113.217	113.328	1843
1544549400	113.328	113.347	113.275	113.297	1868
1544550300	113.297	113.354	113.261	113.352	2234
1544551200	113.354	113.388	113.276	113.353	2048
1544552100	113.353	113.452	113.346	113.438	1769
1544553000	113.438	113.461	113.395	113.417	1664
1544553900	113.417	113.461	113.391	113.408	1483
1544554800	113.405	113.409	113.31	113.357	1493
1544555700	113.357	113.411	113.316	113.355	1453
1544556600	113.355	113.381	113.287	113.324	1937
1544557500	113.324	113.334	113.274	113.3	1414
1544558400	113.302	113.314	113.241	113.268	1092
1544559300	113.268	113.327	113.257	113.313	1188
1544560200	113.313	113.332	113.262	113.263	1653
1544561100	113.263	113.31	113.247	113.281	1571
1544562000	113.282	113.311	113.245	113.25	1603
1544562900	113.251	113.389	113.241	113.382	1603
1544563800	113.382	113.442	113.368	113.436	1359
1544564700	113.436	113.461	113.38	113.4	1104
1544565600	113.401	113.434	113.372	113.433	1600
1544566500	113.434	113.443	113.393	113.395	1063
1544567400	113.396	113.418	113.352	113.372	1440
1544568300	113.371	113.409	113.354	113.367	1339
1544569200	113.368	113.396	113.351	113.395	200
1544570100	113.398	113.424	113.387	113.421	87
1544571000	113.422	113.424	113.381	113.395	154
1544571900	113.395	113.404	113.363	113.366	191
1544572800	113.363	113.397	113.356	113.363	154
1544573700	113.363	113.377	113.354	113.373	3094
1544574600	113.375	113.385	113.358	113.376	1929
1544575500	113.376	113.4	113.365	113.392	386
1544576400	113.392	113.41	113.378	113.381	364
1544577300	113.382	113.434	113.381	113.431	507
1544578200	113.431	113.434	113.374	113.387	570
1544579100	113.387	113.438	113.372	113.375	862
1544580000	113.372	113.391	113.305	113.38	1305
1544580900	113.379	113.433	113.353	113.394	1066
1544581800	113.394	113.501	113.393	113.47	1285
1544582700	113.47	113.511	113.45	113.482	1154
1544583600	113.483	113.509	113.432	113.444	705
1544584500	113.444	113.494	113.428	113.472	1024
1544585400	113.472	113.513	113.444	113.502	1035
1544586300	113.502	113.506	113.477	113.488	855
1544587200	113.488	113.507	113.469	113.474	623
1544588100	113.474	113.477	113.434	113.447	616
1544589000	113.446	113.453	113.42	113.428	362
1544589900	113.428	113.445	113.424	113.44	282
1544590800	113.439	113.442	113.412	113.434	542
1544591700	113.434	113.463	113.434	113.451	428
1544592600	113.448	113.471	113.439	113.463	604
1544593500	113.463	113.484	113.458	113.463	527
1544594400	113.463	113.473	113.439	113.466	316
1544595300	113.465	113.494	113.462	113.471	357
1544596200	113.471	113.493	113.467	113.468	369
1544597100	113.468	113.484	113.457	113.458	256
1544598000	113.458	113.466	113.446	113.447	355
1544598900	113.447	113.454	113.41	113.427	402
1544599800	113.427	113.435	113.407	113.432	429
1544600700	113.432	113.456	113.425	113.426	599
1544601600	113.427	113.459	113.425	113.445	504
1544602500	113.445	113.471	113.443	113.469	358
1544603400	113.469	113.482	113.443	113.449	422
1544604300	113.448	113.458	113.423	113.45	458
1544605200	113.45	113.512	113.432	113.495	854
1544606100	113.496	113.515	113.463	113.464	539
1544607000	113.465	113.502	113.423	113.441	1257
1544607900	113.441	113.441	113.383	113.396	1216
1544608800	113.396	113.448	113.382	113.44	1201
1544609700	113.442	113.457	113.418	113.446	1346
1544610600	113.446	113.461	113.409	113.432	1145
1544611500	113.432	113.47	113.431	113.464	1334
1544612400	113.465	113.485	113.456	113.472	1162
1544613300	113.472	113.489	113.457	113.47	1039
1544614200	113.471	113.484	113.458	113.47	991
1544615100	113.47	113.482	113.449	113.465	371
1544616000	113.465	113.482	113.461	113.464	512
1544616900	113.462	113.471	113.438	113.438	731
1544617800	113.438	113.451	113.417	113.426	518
1544618700	113.426	113.447	113.412	113.444	569
1544619600	113.444	113.449	113.417	113.424	556
1544620500	113.424	113.455	113.418	113.449	608
1544621400	113.449	113.451	113.416	113.422	596
1544622300	113.423	113.425	113.388	113.402	571
1544623200	113.402	113.424	113.382	113.402	456
1544624100	113.402	113.426	113.389	113.415	739
1544625000	113.415	113.436	113.334	113.357	1197
1544625900	113.358	113.403	113.322	113.384	1435
1544626800	113.384	113.408	113.374	113.397	1829
1544627700	113.397	113.423	113.342	113.356	1106
1544628600	113.355	113.412	113.292	113.336	1821
1544629500	113.336	113.37	113.292	113.336	2205
1544630400	113.336	113.417	113.327	113.375	1059
1544631300	113.375	113.402	113.363	113.384	1388
1544632200	113.383	113.395	113.272	113.294	2260
1544633100	113.294	113.301	113.23	113.262	1301
1544634000	113.264	113.334	113.235	113.311	1635
1544634900	113.311	113.315	113.244	113.251	1559
1544635800	113.249	113.302	113.215	113.229	1528
1544636700	113.229	113.236	113.154	113.213	1424
1544637600	113.214	113.247	113.193	113.217	1840
1544638500	113.217	113.237	113.2	113.231	1047
1544639400	113.23	113.242	113.194	113.237	1078
1544640300	113.237	113.275	113.227	113.274	1188
1544641200	113.274	113.28	113.242	113.254	1188
1544642100	113.254	113.272	113.242	113.26	899
1544643000	113.26	113.292	113.246	113.255	815
1544643900	113.255	113.267	113.163	113.185	770
1544644800	113.186	113.24	113.136	113.234	693
1544645700	113.234	113.273	113.228	113.261	481
1544646600	113.261	113.278	113.256	113.266	396
1544647500	113.266	113.267	113.228	113.229	448
1544648400	113.229	113.247	113.214	113.242	572
1544649300	113.242	113.247	113.182	113.189	699
1544650200	113.188	113.197	113.146	113.186	985
1544651100	113.186	113.214	113.158	113.209	1202
1544652000	113.21	113.242	113.197	113.199	1047
1544652900	113.199	113.215	113.183	113.197	952
1544653800	113.197	113.244	113.197	113.223	980
1544654700	113.223	113.238	113.177	113.179	865
1544655600	113.18	113.279	113.18	113.257	523
1544656500	113.257	113.259	113.239	113.252	83
1544657400	113.252	113.253	113.219	113.225	234
1544658300	113.225	113.283	113.224	113.278	236
1544659200	113.275	113.317	113.166	113.231	237
1544660100	113.229	113.265	113.201	113.225	731
1544661000	113.225	113.265	113.22	113.263	282
1544661900	113.261	113.274	113.261	113.265	263
1544662800	113.265	113.27	113.199	113.211	415
1544663700	113.212	113.254	113.211	113.237	297
1544664600	113.236	113.253	113.235	113.24	332
1544665500	113.241	113.288	113.24	113.28	488
1544666400	113.28	113.332	113.28	113.327	777
1544667300	113.327	113.329	113.293	113.323	387
1544668200	113.323	113.328	113.292	113.323	451
1544669100	113.323	113.376	113.317	113.354	660
1544670000	113.354	113.397	113.352	113.372	419
1544670900	113.373	113.405	113.367	113.397	532
1544671800	113.398	113.41	113.373	113.393	436
1544672700	113.393	113.424	113.385	113.424	590
1544673600	113.424	113.452	113.395	113.45	643
1544674500	113.449	113.484	113.44	113.482	574
1544675400	113.483	113.493	113.476	113.48	384
1544676300	113.48	113.483	113.457	113.463	333
1544677200	113.463	113.469	113.44	113.44	399
1544678100	113.441	113.444	113.428	113.439	268
1544679000	113.443	113.452	113.431	113.442	531
1544679900	113.442	113.451	113.438	113.442	363
1544680800	113.441	113.446	113.425	113.442	251
1544681700	113.442	113.45	113.431	113.444	348
1544682600	113.444	113.455	113.442	113.452	330
1544683500	113.452	113.496	113.434	113.492	429
1544684400	113.493	113.496	113.458	113.459	488
1544685300	113.459	113.479	113.449	113.474	406
1544686200	113.474	113.476	113.441	113.45	341
1544687100	113.453	113.487	113.447	113.459	376
1544688000	113.459	113.463	113.427	113.431	479
1544688900	113.431	113.469	113.431	113.463	498
1544689800	113.463	113.467	113.429	113.442	338
1544690700	113.442	113.446	113.427	113.443	246
1544691600	113.443	113.443	113.39	113.427	588
1544692500	113.427	113.435	113.409	113.421	689
1544693400	113.421	113.432	113.39	113.399	732
1544694300	113.399	113.409	113.363	113.384	913
1544695200	113.386	113.443	113.383	113.443	1262
1544696100	113.443	113.489	113.411	113.488	1228
1544697000	113.487	113.497	113.426	113.432	1022
1544697900	113.432	113.45	113.417	113.439	914
1544698800	113.439	113.467	113.437	113.449	766
1544699700	113.449	113.494	113.445	113.488	830
1544700600	113.487	113.494	113.461	113.482	925
1544701500	113.483	113.495	113.462	113.464	1091
1544702400	113.464	113.477	113.418	113.429	1148
1544703300	113.43	113.464	113.429	113.462	643
1544704200	113.462	113.484	113.453	113.469	512
1544705100	113.469	113.498	113.442	113.443	536
1544706000	113.443	113.449	113.412	113.431	417
1544706900	113.431	113.443	113.425	113.431	359
1544707800	113.431	113.438	113.416	113.433	396
1544708700	113.433	113.449	113.412	113.423	507
1544709600	113.423	113.446	113.418	113.432	567
1544710500	113.433	113.445	113.418	113.431	584
1544711400	113.431	113.446	113.421	113.427	533
1544712300	113.426	113.486	113.402	113.477	976
1544713200	113.478	113.487	113.448	113.483	1205
1544714100	113.483	113.488	113.448	113.45	973
1544715000	113.452	113.576	113.436	113.522	2505
1544715900	113.522	113.554	113.481	113.524	1705
1544716800	113.524	113.554	113.489	113.538	1583
1544717700	113.538	113.569	113.52	113.546	1373
1544718600	113.548	113.58	113.525	113.548	2114
1544719500	113.548	113.615	113.538	113.543	1748
1544720400	113.543	113.595	113.517	113.586	1748
1544721300	113.586	113.63	113.577	113.604	990
1544722200	113.604	113.629	113.58	113.593	1466
1544723100	113.594	113.637	113.576	113.635	2309
1544724000	113.635	113.662	113.608	113.643	1707
1544724900	113.643	113.686	113.625	113.667	1908
1544725800	113.667	113.704	113.653	113.701	1288
1544726700	113.702	113.703	113.653	113.66	1115
1544727600	113.66	113.661	113.609	113.615	1427
1544728500	113.615	113.658	113.602	113.643	1203
1544729400	113.643	113.653	113.614	113.62	731
1544730300	113.62	113.649	113.611	113.627	682
1544731200	113.626	113.629	113.532	113.552	1175
1544732100	113.552	113.572	113.536	113.563	1417
1544733000	113.564	113.597	113.557	113.577	964
1544733900	113.577	113.579	113.554	113.559	343
1544734800	113.559	113.603	113.558	113.601	610
1544735700	113.601	113.624	113.586	113.606	689
1544736600	113.606	113.61	113.586	113.601	587
1544737500	113.602	113.617	113.585	113.596	892
1544738400	113.597	113.631	113.592	113.613	677
1544739300	113.613	113.622	113.567	113.572	734
1544740200	113.568	113.602	113.566	113.586	838
1544741100	113.586	113.621	113.577	113.595	1066
1544742000	113.594	113.601	113.559	113.56	341
1544742900	113.56	113.593	113.558	113.586	143
1544743800	113.586	113.606	113.586	113.595	126
1544744700	113.595	113.618	113.585	113.618	271
1544745600	113.62	113.645	113.515	113.599	375
1544746500	113.599	113.612	113.574	113.602	1016
1544747400	113.603	113.626	113.559	113.594	510
1544748300	113.594	113.602	113.59	113.591	270
1544749200	113.591	113.616	113.587	113.597	284
1544750100	113.598	113.601	113.572	113.584	236
1544751000	113.584	113.593	113.554	113.571	797
1544751900	113.571	113.586	113.548	113.568	266
1544752800	113.567	113.631	113.56	113.627	1018
1544753700	113.627	113.637	113.608	113.629	551
1544754600	113.629	113.648	113.488	113.508	866
1544755500	113.508	113.574	113.485	113.501	1230
1544756400	113.501	113.503	113.453	113.466	1096
1544757300	113.466	113.498	113.447	113.462	1298
1544758200	113.462	113.506	113.448	113.454	1003
1544759100	113.454	113.464	113.439	113.457	671
1544760000	113.458	113.476	113.419	113.453	842
1544760900	113.455	113.482	113.446	113.482	512
1544761800	113.482	113.499	113.471	113.482	449
1544762700	113.482	113.502	113.474	113.477	354
1544763600	113.477	113.504	113.456	113.503	313
1544764500	113.503	113.514	113.481	113.485	345
1544765400	113.485	113.489	113.466	113.472	295
1544766300	113.471	113.492	113.464	113.485	316
1544767200	113.485	113.506	113.48	113.503	400
1544768100	113.503	113.507	113.469	113.474	457
1544769000	113.474	113.478	113.441	113.443	617
1544769900	113.443	113.459	113.438	113.447	391
1544770800	113.447	113.464	113.446	113.457	410
1544771700	113.457	113.487	113.457	113.485	340
1544772600	113.485	113.494	113.474	113.482	307
1544773500	113.482	113.495	113.457	113.464	553
1544774400	113.464	113.493	113.451	113.489	462
1544775300	113.49	113.548	113.45	113.532	685
1544776200	113.531	113.575	113.51	113.569	495
1544777100	113.569	113.589	113.553	113.563	505
1544778000	113.563	113.593	113.552	113.589	417
1544778900	113.588	113.592	113.559	113.564	412
1544779800	113.563	113.59	113.547	113.583	800
1544780700	113.582	113.586	113.548	113.552	704
1544781600	113.553	113.586	113.546	113.58	966
1544782500	113.584	113.592	113.556	113.576	1318
1544783400	113.576	113.617	113.498	113.533	1586
1544784300	113.532	113.587	113.495	113.58	1636
1544785200	113.582	113.59	113.511	113.54	1157
1544786100	113.539	113.54	113.476	113.477	1104
1544787000	113.476	113.517	113.463	113.505	1104
1544787900	113.505	113.549	113.497	113.519	937
1544788800	113.518	113.579	113.513	113.552	1131
1544789700	113.552	113.561	113.507	113.514	659
1544790600	113.514	113.528	113.508	113.517	721
1544791500	113.517	113.539	113.509	113.531	1025
1544792400	113.53	113.567	113.53	113.539	684
1544793300	113.538	113.578	113.537	113.568	447
1544794200	113.568	113.589	113.556	113.589	579
1544795100	113.589	113.607	113.58	113.593	739
1544796000	113.593	113.606	113.571	113.584	422
1544796900	113.582	113.603	113.572	113.598	696
1544797800	113.598	113.62	113.597	113.602	775
1544798700	113.602	113.603	113.561	113.562	805
1544799600	113.562	113.563	113.524	113.534	954
1544800500	113.535	113.567	113.524	113.549	668
1544801400	113.558	113.646	113.558	113.619	1858
1544802300	113.62	113.649	113.605	113.632	980
1544803200	113.632	113.67	113.612	113.623	701
1544804100	113.623	113.663	113.607	113.637	782
1544805000	113.637	113.638	113.592	113.614	1949
1544805900	113.613	113.632	113.558	113.628	1554
1544806800	113.628	113.631	113.593	113.599	917
1544807700	113.598	113.619	113.522	113.541	1160
1544808600	113.541	113.565	113.521	113.547	1180
1544809500	113.547	113.573	113.389	113.399	1774
1544810400	113.399	113.453	113.385	113.401	1513
1544811300	113.401	113.424	113.372	113.401	1250
1544812200	113.401	113.441	113.397	113.408	977
1544813100	113.408	113.408	113.318	113.348	1026
1544814000	113.348	113.374	113.338	113.355	974
1544814900	113.356	113.398	113.353	113.393	633
1544815800	113.393	113.406	113.336	113.355	551
1544816700	113.355	113.364	113.291	113.33	590
1544817600	113.329	113.374	113.311	113.368	1069
1544818500	113.368	113.38	113.354	113.376	554
1544819400	113.376	113.383	113.328	113.367	843
1544820300	113.367	113.37	113.31	113.312	527
1544821200	113.312	113.324	113.294	113.311	675
1544822100	113.311	113.324	113.279	113.296	727
1544823000	113.296	113.298	113.225	113.228	580
1544823900	113.228	113.288	113.209	113.279	799
1544824800	113.278	113.345	113.258	113.342	944
1544825700	113.342	113.354	113.329	113.342	651
1544826600	113.342	113.361	113.324	113.329	682
1544827500	113.329	113.384	113.329	113.382	606
1544828400	113.383	113.393	113.318	113.374	304
1544829300	113.374	113.397	113.36	113.386	197
1544830200	113.385	113.388	113.358	113.36	279
1544831100	113.36	113.405	113.353	113.379	245
1545004800	113.334	113.38	113.334	113.346	95
1545005700	113.347	113.38	113.345	113.36	62
1545006600	113.361	113.399	113.297	113.311	1114
1545007500	113.314	113.337	113.304	113.314	332
1545008400	113.313	113.339	113.309	113.335	575
1545009300	113.335	113.343	113.314	113.318	1657
1545010200	113.318	113.361	113.317	113.347	2144
1545011100	113.348	113.404	113.348	113.402	1323
1545012000	113.403	113.406	113.335	113.36	1082
1545012900	113.36	113.428	113.355	113.426	751
1545013800	113.427	113.437	113.405	113.413	578
1545014700	113.413	113.44	113.402	113.421	1804
1545015600	113.421	113.44	113.411	113.431	705
1545016500	113.431	113.441	113.431	113.436	450
1545017400	113.436	113.481	113.429	113.481	610
1545018300	113.481	113.496	113.454	113.459	579
1545019200	113.459	113.483	113.449	113.48	544
1545020100	113.48	113.495	113.47	113.482	545
1545021000	113.482	113.495	113.473	113.482	643
1545021900	113.483	113.494	113.472	113.489	400
1545022800	113.49	113.493	113.449	113.459	386
1545023700	113.459	113.487	113.458	113.482	295
1545024600	113.481	113.487	113.463	113.463	403
1545025500	113.463	113.491	113.46	113.473	449
1545026400	113.473	113.486	113.462	113.465	380
1545027300	113.465	113.469	113.442	113.443	176
1545028200	113.443	113.459	113.437	113.449	405
1545029100	113.449	113.491	113.446	113.49	566
1545030000	113.49	113.49	113.461	113.48	570
1545030900	113.48	113.513	113.475	113.501	393
1545031800	113.501	113.517	113.497	113.514	256
1545032700	113.514	113.514	113.468	113.474	478
1545033600	113.474	113.484	113.45	113.451	343
1545034500	113.45	113.466	113.446	113.46	498
1545035400	113.461	113.463	113.452	113.458	249
1545036300	113.458	113.463	113.447	113.452	228
1545037200	113.452	113.472	113.446	113.457	397
1545038100	113.457	113.462	113.408	113.418	667
1545039000	113.418	113.428	113.384	113.386	789
1545039900	113.386	113.426	113.386	113.402	864
1545040800	113.403	113.426	113.386	113.407	1004
1545041700	113.407	113.417	113.372	113.393	1006
1545042600	113.393	113.397	113.371	113.384	578
1545043500	113.383	113.398	113.367	113.398	827
1545044400	113.398	113.407	113.384	113.387	519
1545045300	113.387	113.394	113.372	113.376	569
1545046200	113.378	113.38	113.34	113.35	604
1545047100	113.351	113.361	113.328	113.335	367
1545048000	113.336	113.347	113.295	113.297	663
1545048900	113.297	113.354	113.294	113.35	965
1545049800	113.349	113.352	113.314	113.314	446
